"viewers","genre","host","subscribers","day","season","guests","ads_now","ads_last"
29251,"Sports","Player3",10586,"Mon","Spring",2,0,0
10597,"RealTimeStrategy","Player3",10586,"Tue","Spring",0,0,0
1654,"Adventure","Player2",10586,"Thu","Spring",0,0,0
1303,"Sports","Player2",10586,"Thu","Spring",0,0,0
12445,"Racing","Player3",10586,"Fri","Spring",0,0,0
7825,"RolePlaying","Player5",10586,"Sat","Spring",0,0,0
24065,"Adventure","Player4",10586,"Tue","Spring",1,0,0
917,"Puzzle","Player1",10586,"Tue","Spring",0,0,0
2449,"BoardGame","Player2",10586,"Wed","Spring",0,0,0
22400,"Racing","Player3",10586,"Thu","Spring",1,0,0
1348,"Puzzle","Player5",10586,"Fri","Spring",0,0,0
13819,"Puzzle","Player3",10859,"Sun","Spring",0,0,0
9431,"Sports","Player3",10859,"Wed","Spring",0,0,0
4093,"RolePlaying","Player1",10859,"Fri","Spring",0,0,0
16390,"RolePlaying","Player4",10859,"Sun","Spring",0,0,0
13974,"Racing","Player1",10859,"Mon","Spring",1,0,0
2289,"BoardGame","Player1",10859,"Tue","Spring",0,0,0
2828,"BoardGame","Player5",10859,"Tue","Spring",1,0,0
34553,"Racing","Player3",10859,"Tue","Spring",2,0,0
1734,"Adventure","Player2",10859,"Wed","Spring",0,0,0
1042,"Sports","Player2",10859,"Wed","Spring",0,0,0
1556,"Adventure","Player1",10859,"Thu","Spring",0,0,0
91676,"RolePlaying","Player3",10859,"Thu","Spring",1,0,0
22776,"RolePlaying","Player4",10859,"Sat","Spring",0,0,0
1066,"Sports","Player1",10859,"Mon","Spring",0,0,0
19538,"Sports","Player3",10859,"Tue","Spring",1,0,0
2678,"BoardGame","Player5",10378,"Wed","Spring",1,0,0
10613,"RolePlaying","Player4",10378,"Thu","Spring",0,0,0
4362,"RolePlaying","Player2",10378,"Fri","Spring",0,0,0
2839,"Racing","Player5",10378,"Fri","Spring",0,0,0
4027,"Racing","Player1",10378,"Sat","Spring",0,0,0
4671,"BoardGame","Player1",10378,"Sat","Spring",0,0,0
31704,"Sports","Player2",10378,"Sun","Spring",2,0,0
28501,"RealTimeStrategy","Player3",10378,"Wed","Spring",1,0,0
23925,"Adventure","Player4",10378,"Thu","Spring",1,0,0
1410,"Sports","Player5",10378,"Fri","Spring",0,0,0
3041,"RealTimeStrategy","Player5",10378,"Fri","Spring",0,0,0
19317,"Puzzle","Player3",10378,"Sat","Spring",2,0,0
4578,"BoardGame","Player1",10378,"Sat","Spring",1,0,0
30008,"Racing","Player2",10378,"Sat","Spring",1,0,0
26334,"Racing","Player5",10378,"Mon","Spring",2,0,0
2589,"BoardGame","Player5",10378,"Mon","Spring",2,0,0
8819,"Adventure","Player4",10378,"Mon","Spring",0,0,0
38488,"RealTimeStrategy","Player5",10517,"Tue","Spring",2,0,0
2495,"RealTimeStrategy","Player2",10517,"Wed","Spring",0,0,0
24400,"RealTimeStrategy","Player1",10517,"Fri","Spring",1,0,0
4104,"Racing","Player1",10517,"Sat","Spring",0,0,0
10559,"RealTimeStrategy","Player3",10517,"Mon","Spring",0,0,0
1033,"Sports","Player1",10517,"Tue","Spring",0,0,0
16961,"Adventure","Player5",10517,"Wed","Spring",1,0,0
2297,"BoardGame","Player1",10517,"Wed","Spring",0,0,0
1367,"Sports","Player2",10517,"Thu","Spring",0,0,0
9800,"Simulation","Player4",10517,"Thu","Spring",1,0,0
11356,"RealTimeStrategy","Player4",10517,"Fri","Spring",0,0,0
23110,"Sports","Player3",10517,"Fri","Spring",1,0,0
38110,"Adventure","Player1",12189,"Fri","Spring",2,0,0
3132,"Simulation","Player2",10496,"Fri","Spring",0,0,0
4774,"BoardGame","Player1",10496,"Sat","Spring",0,0,0
4910,"Racing","Player2",10496,"Sat","Spring",0,0,0
18637,"Adventure","Player4",10496,"Sat","Spring",0,0,0
1889,"Puzzle","Player5",10496,"Sun","Spring",0,0,0
2354,"Racing","Player5",10496,"Tue","Spring",0,0,0
10799,"BoardGame","Player3",10496,"Tue","Spring",0,0,0
2455,"Simulation","Player1",10496,"Tue","Spring",0,0,0
10070,"Simulation","Player4",13785,"Wed","Spring",1,0,0
3314,"BoardGame","Player1",13824,"Fri","Spring",0,0,0
3115,"Racing","Player1",13824,"Fri","Spring",0,0,0
195067,"RolePlaying","Player3",14860,"Sat","Spring",1,0,0
14884,"Racing","Player4",14860,"Sun","Spring",0,0,0
4463,"BoardGame","Player1",14860,"Sun","Spring",1,0,0
0,"BoardGame","Player3",14860,"Mon","Spring",0,0,0
3605,"BoardGame","Player5",14860,"Tue","Spring",0,0,0
19360,"Sports","Player3",14860,"Tue","Spring",1,0,0
1104,"Puzzle","Player2",14860,"Wed","Spring",2,0,0
1540,"Puzzle","Player5",14860,"Fri","Spring",0,0,0
7521,"Simulation","Player5",14860,"Sat","Spring",0,0,0
17063,"BoardGame","Player3",14860,"Sun","Spring",0,0,0
2297,"Adventure","Player2",14860,"Mon","Spring",0,0,0
17161,"Adventure","Player2",14860,"Wed","Spring",1,0,0
2842,"RealTimeStrategy","Player2",14860,"Wed","Spring",0,0,0
10459,"BoardGame","Player4",14860,"Wed","Spring",0,0,0
3415,"Simulation","Player2",14860,"Wed","Spring",0,0,0
2309,"Adventure","Player2",14860,"Thu","Spring",0,0,0
8453,"Puzzle","Player4",14860,"Thu","Spring",1,0,0
10034,"Sports","Player4",14860,"Fri","Spring",0,0,0
6094,"RealTimeStrategy","Player1",15366,"Sat","Spring",0,0,0
27292,"RolePlaying","Player3",15366,"Sat","Spring",0,0,0
17404,"Simulation","Player3",15366,"Sun","Spring",1,0,0
1590,"Sports","Player1",15366,"Sun","Spring",0,0,0
11630,"Simulation","Player3",15366,"Mon","Spring",1,0,0
1601,"Sports","Player5",17402,"Wed","Spring",0,0,0
17282,"Adventure","Player2",17402,"Wed","Spring",1,0,0
11866,"BoardGame","Player3",17402,"Wed","Spring",1,0,0
21544,"RealTimeStrategy","Player2",17402,"Thu","Spring",1,0,0
3116,"Adventure","Player5",17402,"Fri","Spring",0,0,0
5550,"RolePlaying","Player5",17402,"Tue","Spring",0,0,0
13692,"RolePlaying","Player3",17402,"Wed","Spring",0,0,0
46760,"RealTimeStrategy","Player4",17402,"Thu","Spring",2,0,0
10842,"BoardGame","Player4",17402,"Thu","Spring",0,0,0
12456,"RolePlaying","Player4",17402,"Thu","Spring",0,0,0
3595,"RealTimeStrategy","Player5",17402,"Thu","Spring",0,0,0
57137,"RealTimeStrategy","Player3",17402,"Fri","Spring",2,0,0
4507,"Simulation","Player1",17402,"Fri","Spring",0,0,0
1677,"Sports","Player2",20657,"Fri","Spring",0,0,0
348604,"RolePlaying","Player1",20657,"Sat","Spring",2,0,0
13014,"RolePlaying","Player2",20657,"Sat","Spring",0,0,0
17959,"Adventure","Player5",20657,"Mon","Spring",1,0,0
12334,"BoardGame","Player3",20657,"Mon","Spring",0,0,0
8616,"Sports","Player4",20620,"Tue","Spring",0,0,0
8570,"Sports","Player4",20620,"Wed","Spring",0,0,0
2781,"Adventure","Player1",20620,"Fri","Spring",0,0,0
11825,"Adventure","Player4",20620,"Fri","Spring",0,0,0
2191,"Puzzle","Player1",20620,"Sat","Spring",1,0,0
18431,"BoardGame","Player3",20620,"Sun","Spring",0,0,0
10485,"Racing","Player4",20620,"Mon","Spring",0,0,0
47534,"Racing","Player3",20620,"Mon","Spring",3,0,0
4554,"Simulation","Player5",20620,"Mon","Spring",0,0,0
8548,"Puzzle","Player4",20620,"Wed","Spring",0,0,0
11493,"Simulation","Player4",20620,"Wed","Spring",1,0,0
11406,"BoardGame","Player4",20620,"Wed","Spring",0,0,0
3192,"Racing","Player1",20620,"Wed","Spring",0,0,0
5113,"Simulation","Player2",20620,"Fri","Spring",0,0,0
12996,"Adventure","Player3",20620,"Fri","Spring",0,0,0
52154,"Adventure","Player4",20620,"Sat","Spring",1,0,0
63197,"RealTimeStrategy","Player3",20620,"Sat","Spring",1,0,0
2184,"Puzzle","Player1",20620,"Sat","Spring",1,0,0
86363,"RolePlaying","Player5",20620,"Tue","Spring",1,0,0
18794,"Racing","Player5",20620,"Fri","Spring",1,0,0
4325,"Racing","Player2",20620,"Fri","Spring",0,0,0
14496,"Sports","Player3",20620,"Sun","Spring",0,0,0
1511,"Puzzle","Player5",20620,"Mon","Spring",0,0,0
1080,"Puzzle","Player1",20620,"Mon","Summer",1,0,0
10768,"Racing","Player4",20620,"Tue","Summer",0,0,0
17815,"Adventure","Player2",20620,"Tue","Summer",1,0,0
10643,"Racing","Player4",20620,"Wed","Summer",0,0,0
6208,"RolePlaying","Player5",20620,"Wed","Summer",0,0,0
4282,"Simulation","Player5",20620,"Wed","Summer",0,0,0
3541,"Racing","Player5",20620,"Thu","Summer",0,0,0
4595,"Simulation","Player5",20620,"Thu","Summer",1,0,0
128985,"RolePlaying","Player1",20620,"Sun","Summer",1,0,0
5905,"RealTimeStrategy","Player2",20620,"Sun","Summer",0,0,0
2331,"Adventure","Player1",20620,"Tue","Summer",0,0,0
2692,"Adventure","Player2",20620,"Tue","Summer",0,0,0
4341,"Simulation","Player5",20620,"Tue","Summer",0,0,0
6489,"RolePlaying","Player5",20620,"Wed","Summer",0,0,0
21570,"RealTimeStrategy","Player1",20620,"Wed","Summer",1,0,0
8952,"BoardGame","Player2",20620,"Sat","Summer",1,0,0
6790,"Simulation","Player5",20620,"Sun","Summer",0,0,0
12867,"Sports","Player4",20620,"Sun","Summer",0,0,0
1283,"Puzzle","Player2",20620,"Mon","Summer",0,0,0
3450,"Racing","Player2",20620,"Mon","Summer",0,0,0
9384,"Puzzle","Player3",20620,"Mon","Summer",0,0,0
1014,"Puzzle","Player1",20620,"Tue","Summer",2,0,0
1232,"Sports","Player1",20620,"Wed","Summer",0,0,0
6367,"RolePlaying","Player5",20620,"Thu","Summer",0,0,0
4227,"BoardGame","Player5",20620,"Thu","Summer",0,0,0
12364,"BoardGame","Player3",20620,"Thu","Summer",1,0,0
5016,"BoardGame","Player2",20620,"Fri","Summer",0,0,0
5022,"RealTimeStrategy","Player5",20620,"Fri","Summer",0,0,0
46508,"RealTimeStrategy","Player5",20620,"Sat","Summer",1,0,0
41285,"Sports","Player3",22264,"Sat","Summer",1,0,0
14750,"RolePlaying","Player3",22264,"Mon","Summer",0,0,0
86518,"RolePlaying","Player1",22264,"Mon","Summer",1,0,0
11546,"BoardGame","Player4",22570,"Tue","Summer",0,0,0
1534,"Sports","Player2",22570,"Tue","Summer",0,0,0
957,"Puzzle","Player1",22570,"Wed","Summer",1,0,0
4554,"BoardGame","Player2",22570,"Wed","Summer",1,0,0
8751,"Puzzle","Player4",22570,"Thu","Summer",0,0,0
3367,"Adventure","Player5",25795,"Thu","Summer",0,0,0
5616,"BoardGame","Player1",25795,"Fri","Summer",0,0,0
1169,"Puzzle","Player1",25795,"Mon","Summer",1,0,0
1159,"Puzzle","Player1",25828,"Mon","Summer",0,0,0
4904,"RealTimeStrategy","Player5",25828,"Mon","Summer",0,0,0
9844,"Sports","Player3",25828,"Mon","Summer",0,0,0
1383,"Sports","Player1",25828,"Tue","Summer",0,0,0
5139,"RealTimeStrategy","Player2",28198,"Wed","Summer",0,0,0
4658,"Racing","Player2",28198,"Wed","Summer",0,0,0
5365,"Simulation","Player1",28198,"Wed","Summer",0,0,0
5255,"BoardGame","Player2",28198,"Thu","Summer",0,0,0
21525,"Sports","Player1",28198,"Thu","Summer",2,0,0
34955,"Racing","Player5",28198,"Sat","Summer",1,0,0
3383,"Adventure","Player2",28198,"Mon","Summer",0,0,0
41556,"Adventure","Player3",28198,"Tue","Summer",2,0,0
1536,"Puzzle","Player5",31541,"Tue","Summer",0,0,0
10751,"Adventure","Player4",31541,"Wed","Summer",0,0,0
3795,"Adventure","Player5",31541,"Wed","Summer",0,0,0
5557,"RealTimeStrategy","Player2",31541,"Wed","Summer",0,0,0
1576,"Sports","Player1",31541,"Thu","Summer",0,0,0
16074,"Simulation","Player4",31541,"Fri","Summer",0,0,0
2078,"Puzzle","Player2",31541,"Fri","Summer",2,0,0
19474,"RolePlaying","Player5",31541,"Sat","Summer",0,0,0
12509,"Simulation","Player1",31541,"Sat","Summer",0,0,0
3365,"Puzzle","Player5",31541,"Sat","Summer",0,0,0
8033,"RealTimeStrategy","Player1",31541,"Sun","Summer",0,0,0
18133,"Racing","Player4",31541,"Sun","Summer",0,0,0
21709,"Simulation","Player3",31541,"Sun","Summer",0,0,0
1544,"Sports","Player1",31541,"Mon","Summer",0,0,0
5346,"RealTimeStrategy","Player1",31541,"Tue","Summer",0,0,0
3812,"Adventure","Player2",31541,"Thu","Summer",0,0,0
10937,"Sports","Player4",32685,"Fri","Summer",0,0,0
6906,"RealTimeStrategy","Player2",32685,"Fri","Summer",0,0,0
5825,"Racing","Player1",32685,"Fri","Summer",0,0,0
11294,"RolePlaying","Player5",32685,"Fri","Summer",0,0,0
36376,"Racing","Player5",32685,"Sat","Summer",1,0,0
35332,"Racing","Player1",32685,"Sat","Summer",1,0,0
25315,"Racing","Player1",32685,"Sun","Summer",1,0,0
2491,"Puzzle","Player5",32685,"Sun","Summer",0,0,0
2976,"Sports","Player5",32685,"Sun","Summer",0,0,0
4992,"Racing","Player2",32685,"Mon","Summer",0,0,0
1523,"Puzzle","Player2",32685,"Tue","Summer",1,0,0
2978,"Adventure","Player5",32685,"Tue","Summer",0,1,2
558,"Puzzle","Player1",32685,"Wed","Summer",0,2,2
510,"Puzzle","Player1",32685,"Wed","Summer",3,3,2
4443,"BoardGame","Player5",32685,"Wed","Summer",2,3,3
1527,"Puzzle","Player5",32685,"Thu","Summer",0,1,1
18694,"RolePlaying","Player4",32685,"Fri","Summer",0,2,2
0,"Puzzle","Player5",35205,"Sat","Summer",0,1,3
9997,"Simulation","Player5",35205,"Sun","Summer",0,1,1
18222,"Simulation","Player4",35205,"Sun","Summer",0,3,3
1843,"Sports","Player2",35205,"Sun","Summer",0,1,2
4831,"Racing","Player5",35205,"Mon","Summer",0,3,2
23069,"RealTimeStrategy","Player1",35205,"Mon","Summer",1,2,2
16404,"Racing","Player1",35205,"Mon","Summer",1,2,2
5128,"Simulation","Player2",35205,"Tue","Summer",1,2,3
3395,"Racing","Player1",35205,"Tue","Summer",0,2,3
18175,"Adventure","Player2",35205,"Wed","Summer",1,2,2
6663,"RealTimeStrategy","Player5",37994,"Wed","Summer",0,1,1
9601,"RolePlaying","Player1",37994,"Wed","Summer",0,3,2
9355,"Sports","Player3",38077,"Thu","Summer",0,2,2
6979,"Simulation","Player2",38077,"Thu","Summer",0,1,1
9935,"RolePlaying","Player2",38077,"Thu","Summer",0,2,2
5190,"Adventure","Player5",39423,"Fri","Summer",0,2,1
22599,"Adventure","Player4",39423,"Sat","Summer",0,2,2
188988,"RolePlaying","Player1",39423,"Sat","Summer",1,3,2
191212,"RolePlaying","Player5",39423,"Sat","Summer",1,3,1
50277,"RealTimeStrategy","Player2",39423,"Sat","Summer",1,2,2
13664,"BoardGame","Player5",39423,"Sat","Summer",0,2,2
13197,"BoardGame","Player2",39423,"Sat","Summer",1,3,2
9435,"RealTimeStrategy","Player2",41703,"Sun","Summer",0,1,2
13802,"BoardGame","Player4",41703,"Mon","Summer",0,1,2
14559,"RealTimeStrategy","Player3",41703,"Wed","Summer",0,2,2
13357,"Simulation","Player4",41703,"Thu","Summer",0,1,3
50227,"Adventure","Player3",41703,"Fri","Summer",2,1,2
15202,"Racing","Player3",41703,"Fri","Summer",0,3,3
29290,"Sports","Player3",41703,"Sun","Summer",1,2,2
11944,"Simulation","Player5",41703,"Sun","Summer",0,1,1
9066,"Puzzle","Player3",41703,"Mon","Autumn",0,3,2
7670,"Simulation","Player2",41703,"Tue","Autumn",0,2,1
9868,"Sports","Player3",41703,"Tue","Autumn",0,2,1
5459,"BoardGame","Player1",41703,"Thu","Autumn",0,2,3
1514,"Sports","Player5",41703,"Thu","Autumn",0,2,2
6246,"RealTimeStrategy","Player1",41703,"Fri","Autumn",0,2,3
16343,"Adventure","Player4",41703,"Sun","Autumn",0,2,2
16270,"RolePlaying","Player2",41703,"Sun","Autumn",0,2,2
1208,"Sports","Player2",41703,"Tue","Autumn",0,2,2
7901,"Puzzle","Player4",41703,"Tue","Autumn",0,1,2
24121,"RealTimeStrategy","Player1",41703,"Tue","Autumn",1,1,2
11607,"Adventure","Player4",41703,"Wed","Autumn",0,1,1
9930,"RolePlaying","Player5",41703,"Wed","Autumn",0,2,3
7382,"Simulation","Player5",41703,"Thu","Autumn",0,2,2
33592,"RealTimeStrategy","Player3",47499,"Thu","Autumn",1,3,2
22454,"Sports","Player5",47499,"Sat","Autumn",1,2,3
45491,"Sports","Player5",47673,"Sat","Autumn",2,2,2
31812,"RolePlaying","Player3",47673,"Sun","Autumn",0,1,1
19039,"RolePlaying","Player1",47673,"Sun","Autumn",0,2,1
15335,"Simulation","Player3",47673,"Tue","Autumn",0,3,3
27572,"Sports","Player4",47673,"Tue","Autumn",2,2,3
111127,"RolePlaying","Player2",47673,"Fri","Autumn",1,2,2
7574,"RealTimeStrategy","Player5",47673,"Fri","Autumn",0,2,3
20475,"Racing","Player1",47673,"Fri","Autumn",1,1,3
17966,"BoardGame","Player4",47673,"Fri","Autumn",0,2,2
56356,"Racing","Player3",51303,"Sat","Autumn",1,1,2
2902,"Sports","Player1",51303,"Sun","Autumn",0,2,1
13268,"Simulation","Player2",51303,"Sun","Autumn",2,2,2
20467,"RolePlaying","Player3",51303,"Tue","Autumn",0,2,3
21443,"RolePlaying","Player3",51303,"Tue","Autumn",0,3,2
7981,"BoardGame","Player1",51303,"Thu","Autumn",0,3,2
8765,"BoardGame","Player2",51303,"Fri","Autumn",0,1,3
7029,"Racing","Player1",53889,"Fri","Autumn",0,2,3
9679,"Simulation","Player2",53889,"Fri","Autumn",0,3,3
18164,"BoardGame","Player2",53889,"Sat","Autumn",1,2,2
19283,"BoardGame","Player2",53889,"Sat","Autumn",0,2,1
534997,"RolePlaying","Player5",55775,"Sat","Autumn",3,1,2
22690,"Racing","Player4",55775,"Sun","Autumn",0,2,1
16718,"Simulation","Player4",55775,"Mon","Autumn",0,2,2
8001,"BoardGame","Player5",55775,"Mon","Autumn",1,1,3
16824,"BoardGame","Player4",55775,"Mon","Autumn",0,2,1
7195,"RealTimeStrategy","Player1",55775,"Tue","Autumn",0,1,3
18730,"Racing","Player2",59475,"Tue","Autumn",1,2,3
9870,"Simulation","Player1",59475,"Wed","Autumn",0,1,2
16179,"RolePlaying","Player2",59475,"Thu","Autumn",0,1,1
220268,"RolePlaying","Player3",59475,"Fri","Autumn",2,3,2
12258,"Simulation","Player2",59475,"Fri","Autumn",1,2,2
22810,"Simulation","Player3",59475,"Fri","Autumn",0,2,1
24141,"Adventure","Player1",59475,"Fri","Autumn",1,3,2
71751,"RealTimeStrategy","Player4",59475,"Sat","Autumn",1,2,2
54614,"RealTimeStrategy","Player2",59475,"Sat","Autumn",1,1,3
28280,"Sports","Player3",59475,"Sun","Autumn",1,2,3
10424,"Racing","Player5",59475,"Sun","Autumn",0,3,3
27541,"RealTimeStrategy","Player5",59475,"Mon","Autumn",1,3,1
9201,"Sports","Player3",59475,"Tue","Autumn",0,1,3
744,"Sports","Player2",59475,"Tue","Autumn",0,2,3
1264,"Puzzle","Player5",59475,"Wed","Autumn",0,2,2
9089,"Sports","Player4",59475,"Wed","Autumn",0,3,2
5223,"Adventure","Player2",59475,"Fri","Autumn",0,2,3
2382,"Sports","Player1",59475,"Sun","Autumn",0,2,2
16753,"BoardGame","Player4",59475,"Mon","Autumn",1,3,2
9973,"BoardGame","Player1",59475,"Tue","Autumn",1,2,1
17225,"BoardGame","Player4",59475,"Tue","Autumn",0,3,1
11646,"RealTimeStrategy","Player5",59475,"Fri","Autumn",0,2,1
19022,"Puzzle","Player4",59475,"Sat","Autumn",0,2,1
23260,"RolePlaying","Player2",59475,"Sun","Autumn",0,3,2
1877,"Puzzle","Player2",59475,"Sun","Autumn",0,2,2
35529,"RolePlaying","Player4",63649,"Sun","Autumn",0,1,2
10695,"Sports","Player3",66355,"Mon","Autumn",0,3,1
12160,"Sports","Player5",66355,"Tue","Autumn",1,2,2
19961,"Adventure","Player2",66355,"Wed","Autumn",1,1,3
20619,"Sports","Player3",66355,"Wed","Autumn",1,1,1
29975,"Adventure","Player3",68855,"Thu","Autumn",1,2,1
19098,"BoardGame","Player3",68855,"Thu","Autumn",0,1,2
96741,"RolePlaying","Player1",68855,"Thu","Autumn",1,3,3
11431,"Simulation","Player1",68855,"Thu","Autumn",0,2,2
43726,"RealTimeStrategy","Player3",68855,"Fri","Autumn",1,1,2
16866,"Adventure","Player4",68855,"Fri","Autumn",0,1,1
28285,"Adventure","Player4",68855,"Sat","Autumn",0,2,2
15895,"RealTimeStrategy","Player5",68855,"Sun","Autumn",0,1,2
9304,"RealTimeStrategy","Player2",68855,"Mon","Autumn",0,1,3
11764,"BoardGame","Player2",68855,"Tue","Autumn",0,2,1
35505,"RealTimeStrategy","Player4",68855,"Wed","Autumn",1,2,2
97895,"RolePlaying","Player2",68855,"Wed","Autumn",1,2,2
5903,"Adventure","Player1",68855,"Thu","Autumn",0,2,2
16196,"Racing","Player4",68855,"Thu","Autumn",0,2,2
64050,"RealTimeStrategy","Player3",68855,"Fri","Autumn",2,2,3
24071,"Simulation","Player1",68855,"Sat","Autumn",0,2,2
12851,"Sports","Player5",68855,"Tue","Autumn",1,2,1
19343,"RealTimeStrategy","Player3",68855,"Tue","Autumn",0,2,1
17055,"BoardGame","Player4",68855,"Tue","Autumn",0,2,3
6220,"Adventure","Player2",68855,"Wed","Autumn",0,1,2
28985,"RealTimeStrategy","Player5",68855,"Wed","Autumn",1,1,1
18085,"RolePlaying","Player5",68855,"Thu","Autumn",0,3,2
12420,"Simulation","Player2",68855,"Thu","Autumn",0,1,1
13167,"RealTimeStrategy","Player2",68855,"Fri","Autumn",0,3,1
18848,"Racing","Player2",68855,"Sat","Autumn",0,1,2
43698,"Racing","Player1",68855,"Sat","Autumn",1,2,2
26483,"Racing","Player3",68855,"Sun","Autumn",0,2,1
9949,"Sports","Player4",68855,"Mon","Autumn",0,2,1
40210,"Sports","Player3",68855,"Mon","Autumn",3,2,2
19413,"RealTimeStrategy","Player3",70456,"Tue","Autumn",0,3,1
55147,"RealTimeStrategy","Player3",70456,"Tue","Autumn",2,1,1
25514,"RolePlaying","Player4",70456,"Wed","Autumn",0,2,2
26243,"RolePlaying","Player4",73733,"Thu","Autumn",0,1,2
23922,"BoardGame","Player3",73733,"Fri","Autumn",0,2,2
12048,"Sports","Player4",73733,"Fri","Autumn",0,3,1
13841,"Simulation","Player2",73733,"Fri","Autumn",0,2,3
31735,"RolePlaying","Player3",73733,"Fri","Autumn",0,2,3
20789,"RealTimeStrategy","Player4",73733,"Fri","Autumn",0,3,3
6920,"Adventure","Player2",73733,"Fri","Autumn",0,2,3
22396,"BoardGame","Player1",73733,"Sat","Autumn",1,3,3
31064,"Adventure","Player3",73733,"Sat","Autumn",0,1,2
15171,"Sports","Player4",73733,"Sun","Autumn",0,3,1
51472,"Adventure","Player1",73733,"Mon","Autumn",3,2,2
21936,"Racing","Player1",73733,"Wed","Autumn",1,2,1
8328,"Sports","Player4",73733,"Thu","Autumn",0,2,3
23628,"Simulation","Player4",73733,"Fri","Autumn",0,2,2
15912,"Simulation","Player5",73733,"Fri","Autumn",1,2,1
39823,"RolePlaying","Player1",73733,"Sat","Autumn",0,2,2
42168,"Simulation","Player4",76021,"Sat","Autumn",0,2,2
44901,"Racing","Player5",77846,"Sat","Autumn",1,3,3
21358,"Adventure","Player3",77846,"Sun","Autumn",0,2,3
8284,"Adventure","Player2",84499,"Mon","Autumn",0,2,1
2531,"Puzzle","Player5",84499,"Tue","Autumn",1,3,1
9094,"Puzzle","Player4",84499,"Wed","Autumn",0,3,2
18343,"Racing","Player4",84499,"Wed","Autumn",0,2,2
16915,"Simulation","Player1",84499,"Fri","Autumn",0,1,2
17094,"Sports","Player3",84499,"Sun","Autumn",0,2,1
113320,"RealTimeStrategy","Player3",84499,"Sun","Autumn",3,3,1
18362,"Racing","Player3",84499,"Tue","Autumn",0,1,3
182895,"RolePlaying","Player5",84499,"Tue","Autumn",2,2,1
23006,"RolePlaying","Player2",86041,"Wed","Autumn",0,1,1
2511,"Puzzle","Player5",86041,"Wed","Autumn",0,3,1
22308,"Racing","Player2",86041,"Wed","Autumn",1,2,3
30738,"RealTimeStrategy","Player1",86041,"Thu","Autumn",1,2,2
9590,"Puzzle","Player4",86041,"Thu","Autumn",0,2,1
2401,"Puzzle","Player2",86041,"Thu","Autumn",0,1,1
8049,"Adventure","Player2",86041,"Fri","Autumn",0,2,3
25237,"BoardGame","Player3",86041,"Fri","Autumn",1,3,3
17521,"BoardGame","Player5",90487,"Fri","Autumn",0,2,2
6628,"Sports","Player1",90487,"Sat","Autumn",0,2,1
23036,"Adventure","Player3",90487,"Sun","Autumn",0,1,3
39739,"RealTimeStrategy","Player3",90487,"Mon","Autumn",1,3,2
8193,"Adventure","Player2",90380,"Mon","Autumn",0,2,2
104951,"RolePlaying","Player5",95161,"Tue","Autumn",1,1,2
32193,"RealTimeStrategy","Player1",95161,"Tue","Autumn",1,1,2
22477,"BoardGame","Player4",95161,"Tue","Autumn",1,2,2
32553,"RolePlaying","Player4",95161,"Wed","Autumn",0,2,1
1781,"Puzzle","Player1",95161,"Wed","Autumn",0,3,2
10121,"Puzzle","Player3",95161,"Wed","Winter",0,1,2
19860,"Sports","Player4",95161,"Thu","Winter",1,3,2
13552,"Sports","Player4",95161,"Sun","Winter",0,1,3
36340,"Racing","Player1",95161,"Sun","Winter",1,2,2
158348,"RolePlaying","Player5",95161,"Sun","Winter",1,2,1
31599,"Sports","Player3",95161,"Sun","Winter",1,2,2
9027,"Puzzle","Player4",95161,"Mon","Winter",0,2,2
24337,"Racing","Player2",95161,"Mon","Winter",1,1,2
31760,"Adventure","Player3",95161,"Mon","Winter",1,3,2
14871,"RealTimeStrategy","Player2",95161,"Wed","Winter",0,2,1
25628,"Simulation","Player3",100677,"Wed","Winter",1,3,1
10174,"Sports","Player3",100677,"Thu","Winter",0,1,3
2309,"Puzzle","Player1",100677,"Fri","Winter",0,1,2
20746,"Sports","Player5",100677,"Sun","Winter",1,3,1
16732,"Adventure","Player4",100677,"Mon","Winter",0,1,1
31130,"Adventure","Player4",100677,"Mon","Winter",1,2,2
16433,"BoardGame","Player5",100677,"Tue","Winter",0,3,2
114471,"RolePlaying","Player3",104171,"Wed","Winter",1,3,3
33675,"RealTimeStrategy","Player2",104171,"Thu","Winter",1,2,2
29902,"Simulation","Player4",104171,"Fri","Winter",0,2,2
53012,"Racing","Player5",108412,"Sat","Winter",1,2,3
227376,"RolePlaying","Player2",108412,"Sat","Winter",1,1,2
173197,"RolePlaying","Player3",108412,"Sun","Winter",1,2,3
13795,"Puzzle","Player3",108412,"Sun","Winter",0,2,3
25801,"Racing","Player1",108412,"Mon","Winter",1,2,2
24545,"BoardGame","Player3",108412,"Tue","Winter",0,2,3
34352,"RealTimeStrategy","Player2",109229,"Wed","Winter",1,2,2
33510,"Adventure","Player3",109229,"Wed","Winter",1,2,1
10520,"Sports","Player3",109229,"Wed","Winter",0,3,3
2056,"Sports","Player1",109229,"Wed","Winter",0,3,3
12590,"Adventure","Player2",109229,"Fri","Winter",0,3,1
21034,"BoardGame","Player2",109229,"Fri","Winter",2,1,2
29379,"Sports","Player2",109229,"Sat","Winter",1,3,1
21247,"Puzzle","Player4",109229,"Sat","Winter",1,2,1
982,"Puzzle","Player1",109229,"Mon","Winter",0,3,3
187680,"RolePlaying","Player5",109229,"Tue","Winter",2,2,3
10668,"Adventure","Player5",109229,"Thu","Winter",0,2,1
40185,"Racing","Player3",109229,"Fri","Winter",1,3,3
138833,"RolePlaying","Player3",109229,"Fri","Winter",1,2,3
54025,"RealTimeStrategy","Player5",114957,"Sun","Winter",1,2,1
15316,"Racing","Player1",114957,"Mon","Winter",0,1,1
34256,"Racing","Player4",114957,"Mon","Winter",1,2,2
19563,"Simulation","Player2",114957,"Tue","Winter",0,2,2
19876,"Simulation","Player5",114957,"Tue","Winter",0,2,2
21096,"Racing","Player4",114957,"Tue","Winter",0,2,3
19839,"RealTimeStrategy","Player5",114957,"Fri","Winter",0,3,3
40849,"Simulation","Player1",114957,"Sat","Winter",0,3,2
7274,"Sports","Player2",114957,"Sat","Winter",0,3,2
39853,"BoardGame","Player3",114957,"Sun","Winter",0,2,2
3933,"Sports","Player1",114957,"Mon","Winter",0,1,1
19305,"Simulation","Player1",114957,"Tue","Winter",1,2,2
11689,"Sports","Player3",114957,"Tue","Winter",0,3,2
30753,"RolePlaying","Player2",118777,"Wed","Winter",0,1,2
26205,"BoardGame","Player4",118777,"Wed","Winter",1,3,2
19172,"BoardGame","Player5",118777,"Wed","Winter",0,2,2
22360,"Sports","Player3",118777,"Thu","Winter",1,1,1
9354,"Puzzle","Player4",118777,"Thu","Winter",2,3,2
22968,"BoardGame","Player5",118777,"Fri","Winter",1,2,2
59658,"Simulation","Player3",118777,"Sat","Winter",2,2,2
28629,"Simulation","Player1",118777,"Sun","Winter",0,2,3
3944,"Puzzle","Player5",118777,"Sun","Winter",1,2,2
1362,"Puzzle","Player2",118777,"Mon","Winter",0,2,3
9428,"Puzzle","Player4",118777,"Mon","Winter",1,2,2
3592,"Sports","Player2",118777,"Tue","Winter",0,1,2
20096,"Simulation","Player1",118777,"Thu","Winter",0,1,2
22566,"RealTimeStrategy","Player5",118777,"Fri","Winter",0,1,1
22567,"Adventure","Player2",118777,"Sat","Winter",0,2,2
37986,"RealTimeStrategy","Player5",118777,"Sat","Winter",0,2,2
64471,"RolePlaying","Player1",118777,"Sat","Winter",0,1,2
26448,"RealTimeStrategy","Player1",118777,"Sun","Winter",0,2,2
35327,"Sports","Player2",118777,"Sun","Winter",2,2,2
41168,"Simulation","Player4",118777,"Sun","Winter",0,1,2
20107,"Simulation","Player2",118777,"Mon","Winter",0,1,2
30598,"RolePlaying","Player1",118777,"Mon","Winter",0,2,2
18702,"BoardGame","Player1",118777,"Mon","Winter",0,1,2
110755,"RolePlaying","Player1",118777,"Tue","Winter",1,1,2
21692,"Racing","Player4",118777,"Tue","Winter",0,1,3
35529,"RealTimeStrategy","Player1",118777,"Wed","Winter",1,2,2
11295,"Puzzle","Player3",118777,"Wed","Winter",0,3,1
3532,"Sports","Player2",118777,"Thu","Winter",0,2,2
19870,"Adventure","Player1",118777,"Sat","Winter",0,1,3
62468,"RolePlaying","Player1",118777,"Sat","Winter",0,2,3
63195,"RolePlaying","Player5",118777,"Sat","Winter",0,1,3
3712,"Puzzle","Player5",118777,"Sun","Winter",0,1,2
25572,"RealTimeStrategy","Player4",118777,"Mon","Winter",0,2,1
10801,"Sports","Player4",118777,"Tue","Winter",0,3,2
33538,"Adventure","Player4",118777,"Thu","Winter",1,2,1
1889,"Puzzle","Player5",120746,"Fri","Winter",0,2,3
10411,"Puzzle","Player4",120746,"Fri","Winter",0,1,3
43245,"RealTimeStrategy","Player1",120746,"Fri","Winter",1,1,2
42422,"BoardGame","Player3",125428,"Sun","Winter",0,1,2
4063,"Sports","Player5",131887,"Mon","Winter",0,2,2
11228,"Sports","Player4",131887,"Tue","Winter",0,1,2
21513,"BoardGame","Player2",134018,"Tue","Winter",0,1,2
2594,"Puzzle","Player1",134018,"Wed","Winter",0,2,2
27948,"RealTimeStrategy","Player4",134018,"Wed","Winter",0,3,1
12276,"Adventure","Player1",138396,"Wed","Winter",0,3,2
0,"Racing","Player3",138396,"Wed","Winter",1,3,1
19537,"RealTimeStrategy","Player1",138396,"Thu","Winter",0,3,3
24891,"Adventure","Player3",138396,"Fri","Winter",0,2,2
66210,"RolePlaying","Player3",138396,"Sun","Winter",0,2,2
5230,"Puzzle","Player2",138396,"Sun","Winter",0,1,1
69489,"RealTimeStrategy","Player3",141507,"Sun","Winter",1,2,3
31181,"Simulation","Player4",141507,"Mon","Winter",0,2,2
28001,"Adventure","Player2",141507,"Tue","Winter",1,2,2
1626,"Puzzle","Player1",141507,"Wed","Winter",1,1,3
43447,"Adventure","Player5",146644,"Thu","Winter",2,1,2
12525,"Sports","Player3",146644,"Thu","Winter",0,2,2
53334,"RolePlaying","Player4",146644,"Fri","Winter",0,2,3
6508,"Puzzle","Player5",146644,"Sat","Winter",2,3,2
27935,"Adventure","Player5",146644,"Sat","Winter",0,2,2
96444,"RolePlaying","Player4",146644,"Sat","Winter",0,2,1
47112,"RealTimeStrategy","Player1",146644,"Sat","Winter",0,1,1
7328,"Sports","Player1",146644,"Sun","Winter",0,2,1
18500,"Sports","Player4",146644,"Sun","Winter",0,2,1
71130,"RolePlaying","Player3",151299,"Sun","Winter",0,3,2
59412,"RolePlaying","Player5",151299,"Sun","Winter",0,3,2
13439,"Adventure","Player2",151299,"Mon","Winter",0,3,2
3337,"Puzzle","Player1",151299,"Mon","Winter",0,2,1
29932,"RealTimeStrategy","Player4",151299,"Wed","Winter",0,2,2
47254,"RolePlaying","Player4",151299,"Thu","Winter",0,2,1
40346,"Simulation","Player4",151299,"Fri","Winter",0,2,1
71039,"Simulation","Player3",151299,"Sat","Winter",0,2,2
48843,"BoardGame","Player2",151299,"Sat","Winter",0,2,3
28671,"Adventure","Player2",151299,"Tue","Winter",1,2,2
34470,"Simulation","Player3",151299,"Wed","Winter",0,2,1
2194,"Puzzle","Player5",151299,"Thu","Winter",0,3,3
10930,"Puzzle","Player4",151299,"Thu","Winter",0,2,1
46737,"Racing","Player3",151299,"Fri","Winter",1,1,3
68065,"BoardGame","Player3",151299,"Sat","Winter",3,2,2
80202,"RolePlaying","Player1",151299,"Sat","Winter",0,2,3
66984,"Racing","Player5",151299,"Sat","Winter",1,2,2
19190,"Adventure","Player5",151299,"Sun","Winter",0,3,3
27782,"Racing","Player1",151299,"Sun","Winter",0,3,3
38242,"Simulation","Player1",151299,"Sun","Winter",0,1,2
23036,"BoardGame","Player1",151299,"Wed","Winter",0,3,3
20201,"Racing","Player5",151299,"Wed","Winter",0,3,1
39479,"RolePlaying","Player5",151299,"Thu","Winter",0,3,2
11664,"Sports","Player4",151299,"Thu","Winter",0,2,2
5565,"Sports","Player2",151299,"Fri","Winter",0,2,2
47447,"RolePlaying","Player2",151299,"Fri","Spring",0,3,2
47135,"BoardGame","Player4",151299,"Sun","Spring",1,2,2
59121,"RolePlaying","Player2",151299,"Sun","Spring",0,1,2
58685,"RolePlaying","Player1",151299,"Sun","Spring",0,2,2
26987,"Racing","Player3",151299,"Wed","Spring",0,2,3
25939,"Simulation","Player5",151299,"Wed","Spring",0,3,2
33464,"Racing","Player3",151299,"Fri","Spring",0,2,2
5813,"Sports","Player1",151299,"Fri","Spring",0,3,1
17463,"Sports","Player2",151299,"Fri","Spring",1,2,2
39421,"Simulation","Player4",151299,"Fri","Spring",0,2,2
40319,"Simulation","Player4",151299,"Fri","Spring",0,3,1
30070,"Sports","Player1",151299,"Sat","Spring",1,1,2
60866,"Adventure","Player5",151299,"Sat","Spring",1,2,2
47191,"RealTimeStrategy","Player1",151299,"Sat","Spring",0,3,2
47073,"BoardGame","Player4",151299,"Sun","Spring",1,1,2
41840,"Racing","Player3",151299,"Sun","Spring",0,1,2
29942,"RealTimeStrategy","Player4",151299,"Mon","Spring",0,2,2
39451,"RolePlaying","Player5",151299,"Mon","Spring",0,2,2
19851,"Racing","Player5",151299,"Mon","Spring",0,2,2
28858,"RealTimeStrategy","Player4",151299,"Mon","Spring",0,1,3
49308,"RealTimeStrategy","Player3",151299,"Mon","Spring",1,2,1
22406,"Adventure","Player3",151299,"Tue","Spring",0,3,1
25710,"Simulation","Player2",151299,"Tue","Spring",1,3,2
28779,"Adventure","Player5",151299,"Wed","Spring",1,2,2
38418,"RolePlaying","Player5",151299,"Wed","Spring",0,1,3
23373,"Racing","Player1",151299,"Fri","Spring",0,2,2
26855,"Sports","Player3",151299,"Sat","Spring",0,2,2
47891,"RealTimeStrategy","Player2",151299,"Sat","Spring",0,3,2
72177,"RolePlaying","Player3",151299,"Sun","Spring",0,2,1
41154,"Racing","Player4",151299,"Sun","Spring",0,3,1
14695,"Sports","Player2",151299,"Mon","Spring",1,3,2
199725,"RolePlaying","Player5",151299,"Mon","Spring",2,3,2
34595,"Simulation","Player3",151299,"Tue","Spring",1,2,1
35401,"Simulation","Player3",155727,"Tue","Spring",0,2,1
41841,"RolePlaying","Player2",161397,"Wed","Spring",0,3,2
4963,"Sports","Player2",161397,"Wed","Spring",0,3,2
31203,"RealTimeStrategy","Player4",161397,"Thu","Spring",0,1,2
32871,"Racing","Player2",161306,"Thu","Spring",1,1,2
25711,"BoardGame","Player1",161306,"Thu","Spring",0,3,2
21992,"Puzzle","Player4",161306,"Sat","Spring",0,1,2
41487,"Racing","Player1",161306,"Sat","Spring",0,2,3
257652,"RolePlaying","Player5",161306,"Sat","Spring",1,2,1
0,"RealTimeStrategy","Player2",161306,"Sun","Spring",0,1,1
15210,"Sports","Player5",161306,"Tue","Spring",1,1,2
24816,"BoardGame","Player2",161306,"Tue","Spring",0,2,3
25964,"BoardGame","Player2",161306,"Wed","Spring",1,2,2
130088,"RolePlaying","Player3",161306,"Wed","Spring",1,3,2
33109,"Simulation","Player2",161306,"Fri","Spring",0,2,2
26352,"Sports","Player3",161306,"Fri","Spring",1,1,3
13606,"Puzzle","Player3",161306,"Fri","Spring",1,2,2
55238,"Simulation","Player1",161306,"Sat","Spring",0,2,3
30097,"Adventure","Player1",161306,"Sat","Spring",0,1,2
53290,"RealTimeStrategy","Player5",168256,"Sat","Spring",0,3,2
42772,"Simulation","Player1",168256,"Sun","Spring",0,3,2
23857,"Sports","Player5",168256,"Sun","Spring",1,3,1
5597,"Puzzle","Player1",168256,"Sun","Spring",0,1,1
40402,"BoardGame","Player2",168256,"Sun","Spring",1,1,2
41053,"BoardGame","Player1",168256,"Sun","Spring",1,1,1
17246,"Puzzle","Player3",168256,"Sun","Spring",0,3,2
35785,"Simulation","Player3",168256,"Mon","Spring",2,2,3
22540,"Adventure","Player4",171269,"Wed","Spring",0,2,2
43586,"RolePlaying","Player2",171269,"Wed","Spring",0,1,3
36227,"Simulation","Player4",171269,"Wed","Spring",0,1,2
51954,"RealTimeStrategy","Player3",171269,"Thu","Spring",1,2,2
3870,"Puzzle","Player1",177723,"Thu","Spring",0,2,1
65943,"RolePlaying","Player3",177723,"Fri","Spring",0,3,1
36314,"Racing","Player4",177723,"Fri","Spring",0,2,2
97143,"RolePlaying","Player2",177723,"Sat","Spring",0,3,2
97451,"RolePlaying","Player5",177723,"Sat","Spring",0,2,2
38547,"RealTimeStrategy","Player2",177723,"Sun","Spring",0,1,3
5811,"Puzzle","Player1",177723,"Sun","Spring",0,3,1
23170,"Racing","Player2",177723,"Mon","Spring",0,2,2
43903,"Racing","Player3",177723,"Mon","Spring",1,2,1
37256,"BoardGame","Player3",177723,"Tue","Spring",0,2,1
46974,"RolePlaying","Player2",177723,"Tue","Spring",0,3,1
15046,"Adventure","Player2",177723,"Tue","Spring",0,3,3
38683,"Adventure","Player4",177723,"Wed","Spring",1,3,1
15139,"Adventure","Player5",177723,"Wed","Spring",0,2,3
30171,"Simulation","Player2",177723,"Thu","Spring",0,3,2
31371,"Racing","Player3",177723,"Thu","Spring",0,1,2
32585,"BoardGame","Player1",177723,"Fri","Spring",0,2,3
97007,"Racing","Player5",177723,"Sat","Spring",2,2,3
81717,"RolePlaying","Player3",177723,"Sun","Spring",0,2,2
30933,"Simulation","Player2",177723,"Mon","Spring",1,3,1
16361,"Adventure","Player1",177723,"Wed","Spring",0,2,1
38329,"Simulation","Player4",177723,"Wed","Spring",0,2,1
10897,"Puzzle","Player4",177723,"Thu","Spring",1,3,2
16229,"Sports","Player3",177723,"Fri","Spring",0,2,2
5223,"Puzzle","Player1",183369,"Sat","Spring",0,2,3
66291,"Adventure","Player2",183369,"Sat","Spring",1,3,2
28772,"Sports","Player3",183369,"Sat","Spring",0,2,2
66325,"Simulation","Player1",183369,"Sat","Spring",0,2,1
61168,"BoardGame","Player1",183369,"Sat","Spring",0,2,2
128212,"RolePlaying","Player2",183369,"Mon","Spring",1,3,1
29377,"BoardGame","Player2",183369,"Thu","Spring",0,1,2
10952,"Puzzle","Player4",183369,"Thu","Spring",2,3,2
57705,"Simulation","Player3",183369,"Sun","Spring",0,2,3
3605,"Puzzle","Player2",183369,"Mon","Spring",0,2,2
26416,"RealTimeStrategy","Player2",183369,"Mon","Spring",0,3,3
29650,"BoardGame","Player5",183369,"Tue","Spring",0,3,2
22409,"Racing","Player1",183369,"Wed","Spring",0,3,3
37465,"BoardGame","Player3",183369,"Thu","Spring",1,2,2
6044,"Sports","Player2",183369,"Thu","Spring",0,2,1
29322,"BoardGame","Player2",183369,"Thu","Spring",0,2,2
47596,"Sports","Player4",183369,"Sat","Spring",1,3,2
70410,"RealTimeStrategy","Player4",183369,"Sat","Spring",0,3,3
54955,"RolePlaying","Player4",183369,"Mon","Spring",0,3,2
29967,"BoardGame","Player5",183369,"Tue","Spring",1,2,1
24090,"Racing","Player5",183369,"Tue","Spring",0,3,2
30062,"Racing","Player4",183369,"Wed","Spring",0,3,3
38741,"Simulation","Player4",183369,"Wed","Spring",0,2,1
16370,"Adventure","Player2",183369,"Thu","Spring",0,2,2
27781,"RealTimeStrategy","Player5",183369,"Thu","Spring",0,2,2
32951,"RealTimeStrategy","Player2",183369,"Fri","Spring",0,3,2
268327,"RolePlaying","Player2",183369,"Sat","Spring",1,2,2
81355,"Adventure","Player4",183369,"Sat","Spring",1,1,2
28502,"BoardGame","Player5",183369,"Tue","Spring",1,3,3
11897,"Puzzle","Player3",183369,"Tue","Spring",0,2,2
72315,"RealTimeStrategy","Player3",183369,"Tue","Spring",2,1,1
28040,"RealTimeStrategy","Player2",183369,"Wed","Spring",0,1,1
26677,"RealTimeStrategy","Player2",183369,"Thu","Spring",0,3,3
32697,"RealTimeStrategy","Player1",183369,"Fri","Spring",0,2,2
22932,"Puzzle","Player3",183369,"Sat","Spring",1,1,3
58144,"RealTimeStrategy","Player5",183369,"Sat","Spring",0,2,2
53091,"Adventure","Player3",183369,"Sat","Spring",0,2,1
30235,"Simulation","Player5",183369,"Tue","Spring",0,1,3
29361,"BoardGame","Player1",185853,"Wed","Spring",2,3,2
24206,"Racing","Player2",185853,"Wed","Spring",0,3,2
56259,"RolePlaying","Player4",185853,"Wed","Spring",0,2,1
10913,"Puzzle","Player3",185853,"Thu","Spring",0,2,3
35971,"BoardGame","Player5",185853,"Fri","Spring",0,1,2
99666,"Adventure","Player5",185853,"Sat","Spring",2,2,1
71306,"RolePlaying","Player5",185853,"Sun","Spring",0,2,3
47994,"Racing","Player4",185853,"Sun","Spring",0,1,1
55435,"BoardGame","Player3",185853,"Sun","Spring",0,1,3
17799,"Puzzle","Player3",185853,"Sun","Spring",1,3,2
47312,"RolePlaying","Player2",185853,"Mon","Spring",0,3,3
31789,"Simulation","Player2",185853,"Mon","Spring",0,2,2
46580,"RealTimeStrategy","Player2",185853,"Tue","Spring",1,2,1
27887,"RealTimeStrategy","Player2",185853,"Tue","Spring",0,1,2
31601,"Simulation","Player2",185853,"Thu","Spring",0,2,2
48561,"Racing","Player3",185853,"Sun","Summer",0,2,2
72105,"RolePlaying","Player1",185853,"Sun","Summer",0,2,2
70713,"RolePlaying","Player1",185853,"Sun","Summer",0,3,3
44357,"BoardGame","Player1",185853,"Sun","Summer",0,1,2
15478,"Adventure","Player1",185853,"Tue","Summer",0,2,3
40887,"Simulation","Player3",189320,"Wed","Summer",1,1,1
24454,"Racing","Player1",189320,"Thu","Summer",0,3,2
153966,"RolePlaying","Player2",189320,"Fri","Summer",1,1,3
37777,"Adventure","Player3",189320,"Sun","Summer",0,2,2
57603,"Simulation","Player4",189320,"Sun","Summer",2,1,3
58975,"RolePlaying","Player4",196804,"Tue","Summer",0,2,1
11421,"Puzzle","Player3",202323,"Tue","Summer",0,1,3
45793,"Racing","Player4",206111,"Wed","Summer",1,1,2
18672,"Adventure","Player2",206111,"Thu","Summer",0,1,2
119947,"RealTimeStrategy","Player3",206111,"Sat","Summer",1,3,2
38797,"Adventure","Player4",206111,"Sun","Summer",0,2,2
14445,"Sports","Player3",206111,"Mon","Summer",0,1,2
39356,"BoardGame","Player4",206111,"Wed","Summer",0,1,3
18654,"Adventure","Player5",206111,"Wed","Summer",0,2,2
4601,"Puzzle","Player1",206111,"Wed","Summer",0,3,1
35695,"Simulation","Player5",209214,"Thu","Summer",0,3,2
43889,"Simulation","Player4",215529,"Thu","Summer",1,2,2
35666,"Simulation","Player5",215529,"Thu","Summer",1,2,3
31918,"RealTimeStrategy","Player1",219705,"Tue","Summer",0,2,3
49688,"RealTimeStrategy","Player1",219705,"Tue","Summer",1,2,3
28280,"Racing","Player1",219705,"Tue","Summer",0,2,2
32916,"RealTimeStrategy","Player2",219705,"Thu","Summer",0,2,2
70174,"RolePlaying","Player2",224505,"Fri","Summer",0,1,2
20870,"Sports","Player4",224505,"Sun","Summer",0,2,2
98406,"Adventure","Player1",224505,"Sun","Summer",3,3,1
138347,"RolePlaying","Player2",224505,"Thu","Summer",1,2,2
34707,"BoardGame","Player1",224505,"Thu","Summer",1,1,3
66547,"RolePlaying","Player3",224505,"Thu","Summer",0,3,2
29834,"Sports","Player3",224505,"Fri","Summer",1,2,2
7259,"Puzzle","Player1",232999,"Sat","Summer",0,2,3
17944,"Puzzle","Player4",237235,"Sun","Summer",0,3,2
58543,"Racing","Player3",237235,"Sun","Summer",0,2,2
53764,"RealTimeStrategy","Player5",237235,"Sun","Summer",0,3,2
52657,"RealTimeStrategy","Player2",237235,"Mon","Summer",1,2,3
12491,"Puzzle","Player4",237235,"Mon","Summer",0,2,1
38545,"BoardGame","Player2",241987,"Tue","Summer",0,3,2
41185,"Simulation","Player2",241987,"Tue","Summer",2,1,2
36071,"RealTimeStrategy","Player1",241987,"Tue","Summer",0,2,2
7048,"Sports","Player1",241987,"Wed","Summer",0,1,2
46615,"BoardGame","Player3",247132,"Wed","Summer",1,1,3
55218,"RealTimeStrategy","Player5",247132,"Wed","Summer",1,2,2
42809,"Simulation","Player5",250804,"Thu","Summer",0,1,2
47813,"BoardGame","Player1",250804,"Fri","Summer",1,2,2
30382,"Sports","Player4",250804,"Fri","Summer",1,2,1
87455,"Simulation","Player2",250804,"Sat","Summer",0,2,3
25629,"Puzzle","Player3",250804,"Sat","Summer",1,2,3
27875,"Puzzle","Player3",250804,"Sat","Summer",0,2,2
82251,"BoardGame","Player2",250804,"Sat","Summer",2,2,3
98120,"RolePlaying","Player5",250804,"Sun","Summer",0,2,2
72527,"RolePlaying","Player4",250804,"Mon","Summer",0,2,2
17181,"Sports","Player1",250804,"Mon","Summer",1,1,2
49835,"Simulation","Player4",250804,"Tue","Summer",0,2,2
25752,"Sports","Player3",250804,"Tue","Summer",1,3,2
41267,"BoardGame","Player5",257451,"Thu","Summer",1,1,2
95824,"Racing","Player5",257451,"Sat","Summer",1,3,2
18521,"Puzzle","Player4",257451,"Sun","Summer",0,1,2
56810,"Adventure","Player5",263403,"Sun","Summer",1,1,3
85865,"RealTimeStrategy","Player1",263403,"Sun","Summer",1,2,2
68821,"Simulation","Player5",268482,"Sun","Summer",0,1,2
31882,"Adventure","Player4",268482,"Mon","Summer",0,3,1
43245,"BoardGame","Player5",268482,"Mon","Summer",2,3,2
8939,"Sports","Player5",274383,"Tue","Summer",0,3,1
6348,"Puzzle","Player5",274383,"Wed","Summer",0,1,1
14483,"Puzzle","Player3",274383,"Thu","Summer",1,2,1
52171,"Racing","Player4",274383,"Fri","Summer",0,2,1
180668,"RolePlaying","Player5",274383,"Fri","Summer",1,2,3
10165,"Sports","Player5",278586,"Fri","Summer",0,1,2
66081,"Racing","Player4",278586,"Sun","Summer",0,2,1
46421,"Adventure","Player4",278586,"Wed","Summer",1,2,3
53847,"Racing","Player3",278586,"Fri","Summer",0,2,1
117813,"Simulation","Player3",278586,"Sat","Summer",0,2,1
91041,"Racing","Player4",278586,"Sat","Summer",0,1,2
71492,"Simulation","Player1",278586,"Sun","Summer",1,2,1
19197,"Puzzle","Player4",278586,"Sun","Summer",1,1,2
66948,"BoardGame","Player2",278586,"Sun","Summer",1,2,2
9446,"Puzzle","Player2",278586,"Sun","Summer",0,1,1
13219,"Puzzle","Player4",278586,"Mon","Summer",0,2,1
72153,"RolePlaying","Player1",278586,"Mon","Summer",0,1,2
5273,"Puzzle","Player1",278586,"Mon","Summer",0,2,2
36238,"Racing","Player2",278586,"Wed","Summer",0,2,2
54671,"Simulation","Player4",278586,"Thu","Summer",0,3,2
45363,"BoardGame","Player5",278586,"Thu","Summer",0,3,1
69899,"Adventure","Player3",278586,"Sat","Summer",0,2,2
83520,"Adventure","Player1",278586,"Sat","Summer",1,2,2
114908,"BoardGame","Player3",286966,"Sat","Summer",2,2,1
54143,"Sports","Player3",286966,"Sat","Summer",1,2,3
232016,"RolePlaying","Player2",286966,"Sun","Summer",1,2,2
128865,"RealTimeStrategy","Player4",291105,"Sun","Summer",2,3,3
66069,"RealTimeStrategy","Player1",291105,"Sun","Summer",0,3,1
54787,"BoardGame","Player3",291105,"Mon","Summer",1,2,2
18890,"Sports","Player5",291105,"Tue","Summer",1,2,2
37282,"Racing","Player5",291105,"Thu","Summer",0,3,3
11448,"Sports","Player5",291105,"Fri","Summer",0,1,1
10615,"Sports","Player2",291105,"Fri","Summer",0,3,2
93164,"RolePlaying","Player5",297694,"Fri","Summer",0,2,2
6249,"Puzzle","Player5",302239,"Fri","Summer",0,1,3
79989,"Racing","Player1",302239,"Sat","Summer",0,2,3
165702,"RolePlaying","Player5",302239,"Sat","Summer",0,2,2
107275,"Racing","Player1",302239,"Sat","Summer",1,3,2
237997,"RolePlaying","Player2",302239,"Sun","Summer",1,2,2
27423,"Adventure","Player1",302239,"Mon","Summer",0,1,1
78521,"RolePlaying","Player1",302239,"Tue","Summer",0,2,2
48301,"BoardGame","Player2",302239,"Thu","Summer",0,3,2
43478,"Sports","Player4",302239,"Fri","Summer",2,2,2
94834,"RolePlaying","Player5",307046,"Fri","Summer",0,2,3
89760,"Adventure","Player2",307046,"Sat","Summer",1,2,2
74627,"BoardGame","Player2",307046,"Sun","Summer",0,3,1
52833,"Simulation","Player2",307046,"Mon","Summer",2,3,1
53136,"RealTimeStrategy","Player4",307046,"Mon","Summer",0,3,2
81845,"RolePlaying","Player5",313724,"Tue","Summer",0,2,2
82142,"RolePlaying","Player2",313724,"Tue","Summer",0,2,1
51547,"Adventure","Player3",313724,"Thu","Summer",1,3,2
19083,"Sports","Player1",313724,"Thu","Summer",1,2,2
15682,"Sports","Player4",313724,"Thu","Summer",0,3,3
58324,"BoardGame","Player3",313724,"Thu","Summer",0,1,2
21824,"Sports","Player3",313724,"Fri","Summer",0,2,1
58730,"Racing","Player3",313724,"Fri","Summer",0,2,2
112156,"Simulation","Player2",313724,"Sat","Summer",1,3,2
29518,"Puzzle","Player4",313724,"Sat","Summer",0,3,1
38262,"Sports","Player4",313724,"Sun","Summer",1,2,3
70714,"RealTimeStrategy","Player2",313724,"Sun","Summer",0,1,2
61505,"Simulation","Player3",313724,"Mon","Summer",0,1,2
162748,"RolePlaying","Player1",319893,"Tue","Summer",1,1,2
65846,"Adventure","Player4",319893,"Tue","Summer",2,2,2
47704,"RealTimeStrategy","Player1",319893,"Tue","Summer",0,2,2
54189,"Simulation","Player1",319893,"Tue","Summer",0,1,2
16843,"Sports","Player4",319893,"Wed","Summer",0,3,2
37044,"Adventure","Player3",319893,"Wed","Summer",0,2,2
162243,"RolePlaying","Player5",319893,"Wed","Summer",1,2,3
6485,"Puzzle","Player2",319893,"Wed","Summer",0,2,2
10681,"Sports","Player5",319893,"Wed","Summer",0,2,1
8625,"Sports","Player2",319893,"Thu","Summer",0,1,3
107344,"RolePlaying","Player4",319893,"Fri","Autumn",0,3,3
195837,"RolePlaying","Player2",319893,"Fri","Autumn",1,1,2
65689,"Racing","Player2",319893,"Tue","Autumn",2,1,2
127191,"Simulation","Player4",319893,"Sat","Autumn",1,1,3
108306,"RealTimeStrategy","Player4",319893,"Sun","Autumn",1,2,3
47793,"RealTimeStrategy","Player1",319893,"Tue","Autumn",0,1,2
90643,"RolePlaying","Player3",319893,"Wed","Autumn",0,1,3
50767,"BoardGame","Player1",319893,"Wed","Autumn",0,2,2
74276,"RealTimeStrategy","Player3",319893,"Wed","Autumn",1,2,2
93891,"Simulation","Player3",319893,"Sun","Autumn",1,2,2
60921,"Racing","Player3",319893,"Mon","Autumn",1,1,3
44729,"Adventure","Player5",319893,"Mon","Autumn",1,1,1
65907,"RealTimeStrategy","Player2",319893,"Mon","Autumn",1,1,2
41370,"Racing","Player1",319893,"Wed","Autumn",0,2,2
0,"Puzzle","Player5",319893,"Wed","Autumn",1,2,1
56163,"RealTimeStrategy","Player3",319893,"Wed","Autumn",0,3,2
49708,"Racing","Player3",319893,"Thu","Autumn",0,2,2
130966,"Racing","Player3",319893,"Sat","Autumn",1,2,1
92727,"Racing","Player3",319893,"Sun","Autumn",1,2,2
43886,"Adventure","Player1",319893,"Sun","Autumn",0,2,1
60150,"BoardGame","Player3",319893,"Mon","Autumn",1,2,1
48789,"Racing","Player3",319893,"Mon","Autumn",0,3,3
162360,"RolePlaying","Player2",319893,"Mon","Autumn",1,2,3
49299,"RealTimeStrategy","Player5",324031,"Tue","Autumn",0,2,1
55910,"Simulation","Player5",324031,"Wed","Autumn",0,2,1
6630,"Puzzle","Player2",324031,"Wed","Autumn",0,3,2
59516,"RealTimeStrategy","Player5",330113,"Fri","Autumn",0,1,2
117856,"Simulation","Player2",330113,"Sat","Autumn",0,2,2
92494,"BoardGame","Player3",330113,"Sun","Autumn",0,2,1
29521,"Adventure","Player1",330113,"Mon","Autumn",0,1,2
173061,"RolePlaying","Player3",330113,"Tue","Autumn",1,3,3
57706,"RealTimeStrategy","Player3",330113,"Wed","Autumn",0,2,2
85966,"RolePlaying","Player5",330113,"Wed","Autumn",0,2,2
5665,"Puzzle","Player5",330113,"Thu","Autumn",0,1,3
56333,"Simulation","Player2",330113,"Thu","Autumn",0,2,2
80373,"Adventure","Player4",330113,"Fri","Autumn",2,2,2
134761,"Racing","Player3",338874,"Sat","Autumn",1,4,2
180549,"RolePlaying","Player5",338874,"Sat","Autumn",0,4,4
12014,"Sports","Player1",338874,"Sat","Autumn",0,3,5
115089,"Racing","Player1",338874,"Sat","Autumn",1,4,3
84627,"RealTimeStrategy","Player5",338874,"Mon","Autumn",2,2,4
96244,"RolePlaying","Player3",338874,"Mon","Autumn",0,5,2
54834,"BoardGame","Player2",342660,"Wed","Autumn",0,2,2
52512,"BoardGame","Player5",342660,"Wed","Autumn",0,3,4
60812,"BoardGame","Player4",342660,"Wed","Autumn",0,5,3
51113,"RealTimeStrategy","Player1",342660,"Thu","Autumn",0,4,2
51581,"Racing","Player5",348182,"Fri","Autumn",0,5,4
61060,"Adventure","Player5",348182,"Sat","Autumn",0,3,4
89690,"Racing","Player1",348182,"Sat","Autumn",0,2,4
7892,"Sports","Player1",348182,"Mon","Autumn",0,3,4
6194,"Puzzle","Player5",348182,"Wed","Autumn",1,4,3
28395,"Sports","Player4",348182,"Sat","Autumn",0,5,5
14840,"Puzzle","Player5",348182,"Sat","Autumn",1,3,2
145064,"RolePlaying","Player4",348182,"Sun","Autumn",0,4,3
45611,"Racing","Player5",356007,"Mon","Autumn",0,4,3
31097,"Adventure","Player5",356007,"Mon","Autumn",0,2,3
50816,"RealTimeStrategy","Player1",356007,"Tue","Autumn",0,2,4
44760,"Adventure","Player2",356007,"Tue","Autumn",1,3,4
54547,"BoardGame","Player5",356007,"Tue","Autumn",1,2,4
8167,"Sports","Player1",356007,"Thu","Autumn",0,3,4
71811,"Simulation","Player5",356007,"Fri","Autumn",1,3,3
76048,"Simulation","Player4",356007,"Fri","Autumn",1,2,5
94334,"RealTimeStrategy","Player3",356007,"Fri","Autumn",1,5,3
58508,"Sports","Player4",356007,"Sat","Autumn",1,4,2
58547,"Sports","Player3",356007,"Sat","Autumn",1,3,3
79863,"RealTimeStrategy","Player1",356007,"Sun","Autumn",0,5,2
105275,"RealTimeStrategy","Player1",356007,"Sun","Autumn",1,3,3
81530,"BoardGame","Player1",356007,"Sun","Autumn",1,4,4
92645,"RolePlaying","Player5",356007,"Thu","Autumn",0,4,2
67236,"Simulation","Player1",356007,"Fri","Autumn",1,3,5
21342,"Puzzle","Player4",356007,"Sat","Autumn",0,3,5
95413,"Racing","Player5",356007,"Sat","Autumn",0,5,3
92276,"Racing","Player2",356007,"Sat","Autumn",0,3,4
14549,"Puzzle","Player1",356007,"Sat","Autumn",2,3,2
79853,"Adventure","Player4",356007,"Sun","Autumn",1,5,3
46947,"Adventure","Player5",356007,"Sun","Autumn",0,5,3
54127,"Adventure","Player3",356007,"Tue","Autumn",1,4,3
20610,"Sports","Player1",356007,"Wed","Autumn",1,4,2
16837,"Sports","Player4",356007,"Wed","Autumn",0,2,3
59600,"RealTimeStrategy","Player4",356007,"Thu","Autumn",0,2,3
58766,"RealTimeStrategy","Player1",356007,"Fri","Autumn",0,4,5
16825,"Sports","Player1",356007,"Sat","Autumn",0,5,4
134655,"BoardGame","Player3",356007,"Sat","Autumn",0,3,3
63064,"BoardGame","Player4",356007,"Mon","Autumn",0,3,3
53675,"RealTimeStrategy","Player5",356007,"Mon","Autumn",0,3,2
27708,"Adventure","Player1",356007,"Mon","Autumn",0,3,5
59401,"Simulation","Player1",356007,"Tue","Autumn",1,3,3
59892,"Simulation","Player5",356007,"Tue","Autumn",0,3,3
97923,"RolePlaying","Player3",361017,"Tue","Autumn",0,4,5
97378,"RealTimeStrategy","Player4",361017,"Wed","Autumn",2,4,2
59926,"RealTimeStrategy","Player3",361017,"Thu","Autumn",0,2,4
53578,"BoardGame","Player2",361017,"Thu","Autumn",0,4,5
57828,"BoardGame","Player2",361017,"Thu","Autumn",1,3,2
76831,"BoardGame","Player4",361017,"Fri","Autumn",0,5,3
78527,"Simulation","Player3",361017,"Fri","Autumn",0,2,5
8738,"Puzzle","Player2",361017,"Fri","Autumn",0,2,2
50150,"Sports","Player4",361017,"Sat","Autumn",1,5,5
164393,"RealTimeStrategy","Player4",361017,"Sat","Autumn",1,5,3
134152,"RealTimeStrategy","Player5",361017,"Sun","Autumn",2,4,3
77176,"RealTimeStrategy","Player5",369927,"Sun","Autumn",0,5,5
29881,"Sports","Player1",369927,"Sun","Autumn",1,4,3
45904,"Racing","Player5",369927,"Mon","Autumn",0,3,4
26986,"Sports","Player3",369927,"Mon","Autumn",1,3,4
62963,"Simulation","Player2",369927,"Mon","Autumn",0,4,2
56455,"BoardGame","Player1",369927,"Tue","Autumn",0,5,4
43938,"Adventure","Player1",369927,"Tue","Autumn",1,4,5
102038,"RolePlaying","Player3",369927,"Tue","Autumn",0,5,4
65514,"RealTimeStrategy","Player2",369927,"Fri","Autumn",0,5,3
115604,"BoardGame","Player2",369927,"Sat","Autumn",0,4,5
61486,"Sports","Player3",369927,"Sat","Autumn",1,5,2
89017,"Racing","Player5",369927,"Sun","Autumn",1,3,3
20110,"Sports","Player5",369927,"Mon","Autumn",1,3,3
11347,"Sports","Player5",373462,"Mon","Autumn",0,2,2
40654,"Adventure","Player4",373462,"Mon","Autumn",0,5,2
0,"Simulation","Player1",373462,"Mon","Autumn",0,3,4
8886,"Sports","Player2",373462,"Tue","Autumn",0,3,4
13604,"Puzzle","Player4",373462,"Thu","Autumn",1,3,3
59909,"BoardGame","Player5",373462,"Thu","Autumn",0,4,2
24489,"Sports","Player2",379706,"Fri","Autumn",1,4,3
16627,"Puzzle","Player4",379706,"Fri","Autumn",0,4,3
98137,"Racing","Player1",379706,"Sat","Autumn",0,4,4
125909,"BoardGame","Player5",379706,"Sat","Autumn",0,5,3
94769,"RealTimeStrategy","Player4",379706,"Sun","Autumn",0,3,3
88025,"BoardGame","Player5",379706,"Sun","Autumn",1,4,4
34344,"Adventure","Player2",379706,"Mon","Autumn",0,3,2
71219,"Racing","Player5",379706,"Tue","Autumn",2,4,4
12591,"Puzzle","Player4",387007,"Thu","Autumn",0,5,4
112579,"RealTimeStrategy","Player1",387007,"Fri","Autumn",2,2,2
38144,"Sports","Player2",392054,"Fri","Autumn",2,3,2
58358,"Racing","Player2",392054,"Fri","Autumn",0,4,4
6637,"Puzzle","Player2",392054,"Fri","Autumn",1,4,4
130214,"BoardGame","Player5",392054,"Sat","Autumn",0,5,3
545451,"RolePlaying","Player5",392054,"Sat","Winter",2,3,4
229158,"RolePlaying","Player3",392054,"Sat","Winter",0,3,3
75038,"Racing","Player2",392054,"Sun","Winter",0,3,3
14448,"Sports","Player2",400106,"Sun","Winter",0,3,4
59011,"Racing","Player3",400106,"Mon","Winter",0,3,3
83834,"RealTimeStrategy","Player3",400106,"Mon","Winter",1,3,4
29305,"Sports","Player3",400106,"Tue","Winter",1,3,3
56737,"Racing","Player4",400106,"Tue","Winter",0,3,4
49422,"Racing","Player1",400106,"Wed","Winter",0,3,4
50054,"Adventure","Player5",400106,"Wed","Winter",1,3,3
63906,"BoardGame","Player2",404875,"Wed","Winter",0,4,3
105223,"RolePlaying","Player1",404875,"Wed","Winter",0,4,2
40902,"Adventure","Player1",404875,"Fri","Winter",0,3,4
72654,"RealTimeStrategy","Player1",404875,"Fri","Winter",0,4,2
73049,"BoardGame","Player5",404875,"Fri","Winter",0,3,5
58038,"Racing","Player1",404875,"Fri","Winter",0,5,5
135858,"Simulation","Player2",404875,"Sat","Winter",0,3,5
61956,"Adventure","Player4",404875,"Sun","Winter",0,3,4
156471,"RolePlaying","Player2",404875,"Sun","Winter",0,2,3
19907,"Sports","Player5",404875,"Tue","Winter",1,5,4
66397,"Simulation","Player2",404875,"Tue","Winter",1,3,4
62494,"BoardGame","Player2",404875,"Wed","Winter",1,3,4
64959,"Racing","Player5",404875,"Wed","Winter",1,5,2
76093,"Simulation","Player4",404875,"Wed","Winter",1,4,2
74582,"Simulation","Player3",404875,"Thu","Winter",0,5,4
64732,"Simulation","Player5",404875,"Thu","Winter",2,3,5
86476,"BoardGame","Player3",404875,"Fri","Winter",1,5,3
134903,"RolePlaying","Player4",404875,"Fri","Winter",0,2,2
17940,"Sports","Player1",404875,"Sun","Winter",0,2,2
71124,"BoardGame","Player4",404875,"Mon","Winter",0,4,3
62433,"BoardGame","Player2",404875,"Mon","Winter",0,3,4
67681,"Simulation","Player1",404875,"Wed","Winter",2,5,3
105502,"RolePlaying","Player5",404875,"Wed","Winter",0,2,2
68021,"Simulation","Player3",404875,"Wed","Winter",0,5,7
18800,"Puzzle","Player4",404875,"Sat","Winter",1,5,6
112411,"Simulation","Player4",404875,"Sun","Winter",0,5,3
156085,"RolePlaying","Player1",404875,"Sun","Winter",0,6,3
69632,"BoardGame","Player4",404875,"Mon","Winter",2,5,4
8935,"Puzzle","Player4",412903,"Mon","Winter",0,6,6
186616,"RolePlaying","Player3",412903,"Tue","Winter",1,4,7
6943,"Puzzle","Player1",412903,"Wed","Winter",0,5,3
5952,"Puzzle","Player5",412903,"Wed","Winter",0,4,4
80861,"RealTimeStrategy","Player4",412903,"Wed","Winter",1,5,6
111397,"RolePlaying","Player3",412903,"Thu","Winter",0,5,5
112276,"RolePlaying","Player4",412903,"Thu","Winter",0,7,4
188076,"RolePlaying","Player4",412903,"Thu","Winter",1,4,6
112080,"RolePlaying","Player4",412903,"Thu","Winter",0,6,4
12059,"Puzzle","Player3",412903,"Fri","Winter",1,7,6
34045,"Sports","Player3",412903,"Fri","Winter",1,7,4
81685,"Adventure","Player3",412903,"Sat","Winter",0,7,6
142308,"BoardGame","Player4",418831,"Sat","Winter",1,7,6
15513,"Puzzle","Player3",418831,"Sun","Winter",0,3,6
44916,"Adventure","Player3",418831,"Tue","Winter",0,6,3
7576,"Puzzle","Player2",418831,"Tue","Winter",1,6,3
67684,"RealTimeStrategy","Player4",418831,"Wed","Winter",0,5,4
83745,"RealTimeStrategy","Player4",418831,"Thu","Winter",1,3,5
31456,"Adventure","Player2",418831,"Thu","Winter",0,7,6
15644,"Puzzle","Player4",418831,"Fri","Winter",3,5,4
220168,"RolePlaying","Player5",418831,"Sat","Winter",0,7,5
23692,"Puzzle","Player4",418831,"Sat","Winter",0,3,5
100150,"Simulation","Player1",418831,"Sun","Winter",0,6,5
103579,"Simulation","Player5",418831,"Sun","Winter",0,4,4
190561,"RolePlaying","Player3",418831,"Mon","Winter",1,6,6
60179,"Racing","Player3",418831,"Mon","Winter",0,7,4
102349,"RolePlaying","Player1",418831,"Mon","Winter",0,5,6
53643,"RealTimeStrategy","Player1",418831,"Mon","Winter",0,4,7
68917,"BoardGame","Player3",418831,"Mon","Winter",1,7,6
83209,"Racing","Player4",418831,"Wed","Winter",2,4,4
86310,"BoardGame","Player4",418831,"Fri","Winter",0,5,4
64270,"Racing","Player3",418831,"Fri","Winter",0,4,7
136794,"Racing","Player5",425706,"Sat","Winter",1,6,4
43773,"Adventure","Player1",425706,"Sun","Winter",0,6,7
54654,"Racing","Player5",425706,"Mon","Winter",0,3,3
7361,"Puzzle","Player1",425706,"Tue","Winter",0,5,3
67752,"Simulation","Player1",425706,"Tue","Winter",0,6,5
82356,"Racing","Player4",425706,"Wed","Winter",2,4,5
42389,"Adventure","Player3",425706,"Wed","Winter",0,5,5
138801,"RolePlaying","Player4",425706,"Fri","Winter",0,4,4
86576,"BoardGame","Player3",425706,"Fri","Winter",0,4,5
40663,"Adventure","Player1",425706,"Fri","Winter",0,6,5
61618,"Racing","Player2",425706,"Fri","Winter",0,7,5
84267,"Adventure","Player3",425706,"Sat","Winter",0,7,6
168708,"RolePlaying","Player3",425706,"Sun","Winter",0,4,6
72558,"Simulation","Player1",434267,"Mon","Winter",0,3,3
36446,"Adventure","Player1",434267,"Mon","Winter",0,4,4
55209,"Racing","Player1",434267,"Tue","Winter",0,4,3
106208,"RolePlaying","Player1",434267,"Wed","Winter",0,3,6
103915,"RolePlaying","Player2",434267,"Thu","Winter",0,6,7
67127,"BoardGame","Player2",434267,"Thu","Winter",0,5,4
11914,"Sports","Player1",434267,"Thu","Winter",0,4,3
10412,"Sports","Player2",434267,"Fri","Winter",0,6,5
147449,"BoardGame","Player4",434267,"Sat","Winter",0,3,6
287425,"RolePlaying","Player1",439001,"Sun","Winter",1,5,4
115965,"BoardGame","Player3",446552,"Sun","Winter",2,3,4
82537,"Simulation","Player3",451826,"Mon","Winter",1,3,4
61860,"Racing","Player5",451826,"Tue","Winter",1,6,7
69970,"BoardGame","Player2",451826,"Wed","Winter",0,6,4
109846,"RealTimeStrategy","Player4",451826,"Thu","Winter",2,4,3
43993,"Sports","Player4",451826,"Fri","Winter",2,4,5
7306,"Sports","Player2",451826,"Mon","Winter",0,4,6
67608,"Simulation","Player1",451826,"Mon","Winter",0,4,7
71025,"BoardGame","Player2",458601,"Mon","Winter",1,3,4
9866,"Sports","Player5",458601,"Mon","Winter",0,5,5
112924,"RolePlaying","Player2",458601,"Tue","Winter",0,4,6
53416,"Racing","Player5",458601,"Thu","Winter",0,7,6
274613,"RolePlaying","Player1",458601,"Thu","Winter",2,6,5
13360,"Puzzle","Player3",458601,"Thu","Winter",1,5,5
81061,"Simulation","Player4",458601,"Thu","Winter",0,7,5
59516,"RealTimeStrategy","Player1",458601,"Thu","Winter",0,6,7
14025,"Puzzle","Player1",458601,"Sat","Winter",0,5,4
117908,"Simulation","Player4",458601,"Sun","Winter",1,7,6
10828,"Puzzle","Player5",468099,"Sun","Winter",0,6,4
192826,"RolePlaying","Player2",468099,"Mon","Winter",1,5,7
65713,"BoardGame","Player1",468099,"Mon","Winter",1,5,7
76342,"Simulation","Player1",475113,"Mon","Spring",0,3,5
59460,"Racing","Player2",475113,"Tue","Spring",0,4,4
72085,"RealTimeStrategy","Player4",475113,"Tue","Spring",0,6,6
84708,"Simulation","Player3",475113,"Thu","Spring",0,4,5
210631,"RolePlaying","Player3",480712,"Thu","Spring",1,4,4
40846,"Adventure","Player1",480712,"Fri","Spring",0,6,7
3840,"Puzzle","Player2",480712,"Fri","Spring",1,4,6
64348,"Racing","Player5",480712,"Fri","Spring",0,5,7
49646,"Sports","Player3",480712,"Sat","Spring",1,5,7
72720,"BoardGame","Player2",480712,"Mon","Spring",0,4,5
130862,"RolePlaying","Player3",480712,"Mon","Spring",0,4,4
130793,"RolePlaying","Player3",480712,"Tue","Spring",0,5,4
65914,"RealTimeStrategy","Player2",480712,"Wed","Spring",0,6,6
18492,"Puzzle","Player3",480712,"Fri","Spring",0,6,4
21273,"Sports","Player4",487330,"Fri","Spring",0,4,5
84265,"Racing","Player3",494868,"Fri","Spring",0,4,4
159638,"RealTimeStrategy","Player3",494868,"Sat","Spring",0,5,6
147034,"Racing","Player2",494868,"Sat","Spring",1,5,6
126755,"Racing","Player5",494868,"Sat","Spring",0,7,5
90499,"Racing","Player5",494868,"Sun","Spring",0,5,5
112679,"RealTimeStrategy","Player4",494868,"Sun","Spring",0,5,6
79161,"RealTimeStrategy","Player4",494868,"Mon","Spring",0,3,4
83142,"BoardGame","Player3",494868,"Tue","Spring",0,5,5
74787,"BoardGame","Player1",494868,"Tue","Spring",0,5,5
85275,"Racing","Player5",502677,"Tue","Spring",2,6,5
20986,"Sports","Player5",502677,"Tue","Spring",1,3,5
44366,"Adventure","Player5",502677,"Tue","Spring",0,5,3
3888,"Puzzle","Player5",502677,"Wed","Spring",1,4,6
134866,"RolePlaying","Player3",511399,"Wed","Spring",0,6,6
30276,"Sports","Player4",511399,"Wed","Spring",1,7,4
14093,"Sports","Player1",516363,"Thu","Spring",0,6,3
88678,"BoardGame","Player5",516363,"Fri","Spring",0,3,7
157791,"RealTimeStrategy","Player2",516363,"Sat","Spring",0,3,4
122040,"BoardGame","Player1",516363,"Sun","Spring",1,5,3
47074,"Sports","Player5",516363,"Sun","Spring",2,5,5
210090,"RolePlaying","Player3",516363,"Sun","Spring",0,3,4
74232,"RealTimeStrategy","Player1",525233,"Mon","Spring",0,4,5
6462,"Puzzle","Player2",525233,"Mon","Spring",1,7,5
85057,"Simulation","Player2",525233,"Mon","Spring",0,6,5
74157,"Racing","Player2",525233,"Wed","Spring",1,3,6
81825,"BoardGame","Player5",525233,"Wed","Spring",0,4,4
73410,"Adventure","Player5",525233,"Thu","Spring",2,5,5
72904,"Racing","Player4",525233,"Thu","Spring",0,6,4
85946,"BoardGame","Player3",525233,"Thu","Spring",0,4,6
23754,"Sports","Player3",525233,"Fri","Spring",0,4,5
90147,"Adventure","Player1",525233,"Sat","Spring",0,3,5
202447,"Simulation","Player3",525233,"Sat","Spring",0,4,3
123273,"Racing","Player3",525233,"Sun","Spring",1,6,6
81412,"BoardGame","Player1",525233,"Mon","Spring",1,7,4
50339,"Adventure","Player4",525233,"Mon","Spring",0,3,5
141257,"RolePlaying","Player4",525233,"Tue","Spring",0,5,4
64108,"Adventure","Player3",525233,"Tue","Spring",1,5,6
51371,"Adventure","Player3",525233,"Tue","Spring",0,6,5
54586,"Adventure","Player3",525233,"Thu","Spring",0,6,3
83543,"RealTimeStrategy","Player1",525233,"Fri","Spring",0,4,7
87256,"RealTimeStrategy","Player5",525233,"Fri","Spring",0,7,6
82251,"Adventure","Player4",525233,"Fri","Spring",1,5,3
109751,"Racing","Player3",525233,"Fri","Spring",2,7,7
79472,"Racing","Player5",525233,"Fri","Spring",0,3,4
156264,"RealTimeStrategy","Player1",525233,"Sat","Spring",0,6,5
163704,"RealTimeStrategy","Player5",525233,"Sat","Spring",0,5,3
17013,"Sports","Player1",525233,"Sun","Spring",0,3,5
5944,"Puzzle","Player1",525233,"Mon","Spring",1,4,5
9577,"Puzzle","Player3",525233,"Mon","Spring",1,4,7
13536,"Sports","Player5",525233,"Tue","Spring",0,6,4
96010,"RealTimeStrategy","Player5",525233,"Wed","Spring",1,6,3
95186,"Simulation","Player3",525233,"Thu","Spring",0,4,4
13501,"Sports","Player5",525233,"Thu","Spring",0,5,4
13739,"Puzzle","Player4",525233,"Fri","Spring",0,4,6
182772,"BoardGame","Player4",525233,"Sat","Spring",0,5,5
288411,"RolePlaying","Player4",525233,"Sat","Spring",0,6,6
136625,"Simulation","Player3",525233,"Sun","Spring",0,7,6
25097,"Puzzle","Player4",525233,"Sun","Spring",1,3,3
194466,"RolePlaying","Player5",532308,"Sun","Spring",0,5,7
86015,"BoardGame","Player4",532308,"Mon","Spring",2,4,6
86306,"Simulation","Player2",532308,"Mon","Spring",0,4,5
66625,"Adventure","Player4",538649,"Tue","Spring",1,3,5
25256,"Sports","Player3",538649,"Wed","Spring",1,3,7
68612,"Racing","Player1",547241,"Wed","Spring",0,5,4
12767,"Puzzle","Player3",547241,"Wed","Spring",0,4,6
64998,"Racing","Player5",547241,"Thu","Spring",0,6,6
10047,"Puzzle","Player5",547241,"Thu","Spring",1,4,3
38552,"Sports","Player2",547241,"Fri","Spring",2,5,5
302523,"RolePlaying","Player3",547241,"Sat","Spring",0,4,6
207625,"Simulation","Player3",547241,"Sat","Spring",0,3,4
13871,"Puzzle","Player1",547241,"Sat","Spring",0,6,5
125055,"BoardGame","Player2",547241,"Sun","Spring",1,3,5
20886,"Puzzle","Player4",547241,"Sun","Spring",0,7,5
86879,"Racing","Player3",547241,"Tue","Spring",1,5,5
74323,"Racing","Player4",547241,"Wed","Spring",0,5,5
86826,"Simulation","Player2",547241,"Wed","Spring",0,5,6
14037,"Puzzle","Player4",547241,"Thu","Spring",0,4,5
15911,"Puzzle","Player4",547241,"Thu","Spring",1,3,4
88873,"Simulation","Player2",547241,"Mon","Spring",0,7,5
9693,"Puzzle","Player1",547241,"Mon","Spring",0,4,3
42760,"Adventure","Player1",547241,"Wed","Spring",0,6,6
81299,"BoardGame","Player5",547241,"Wed","Spring",0,4,6
81003,"BoardGame","Player1",547241,"Thu","Spring",1,4,6
84518,"BoardGame","Player5",552714,"Thu","Spring",0,5,5
138414,"Simulation","Player4",552714,"Sun","Spring",0,4,7
64843,"Adventure","Player1",552714,"Sun","Spring",0,4,6
137045,"Simulation","Player1",552714,"Sun","Spring",0,4,4
106938,"RealTimeStrategy","Player3",552714,"Mon","Spring",1,5,4
91977,"RealTimeStrategy","Player5",552714,"Mon","Spring",1,5,7
91670,"Simulation","Player5",552714,"Mon","Spring",1,4,4
48455,"Adventure","Player1",552714,"Tue","Spring",0,5,3
142521,"RolePlaying","Player1",552714,"Tue","Spring",0,4,3
82215,"RealTimeStrategy","Player3",552714,"Wed","Spring",0,5,7
632204,"RolePlaying","Player1",552714,"Sat","Spring",2,5,4
101124,"Racing","Player1",552714,"Sun","Spring",0,4,5
83037,"Racing","Player3",552714,"Mon","Spring",1,6,7
12992,"Puzzle","Player3",559444,"Mon","Spring",0,6,6
79241,"Racing","Player2",566266,"Mon","Spring",1,4,6
35831,"Sports","Player1",566266,"Mon","Spring",2,5,3
5174,"Puzzle","Player5",566266,"Mon","Spring",0,5,6
87908,"RealTimeStrategy","Player4",566266,"Mon","Spring",0,3,5
64653,"Racing","Player5",566266,"Mon","Spring",0,6,7
92216,"Simulation","Player2",566266,"Wed","Spring",1,3,5
84088,"RealTimeStrategy","Player5",566266,"Wed","Summer",0,5,3
98638,"RealTimeStrategy","Player1",566266,"Wed","Summer",1,5,5
18926,"Sports","Player3",566266,"Thu","Summer",0,5,6
53299,"Adventure","Player1",566266,"Fri","Summer",0,6,6
103509,"BoardGame","Player1",566266,"Fri","Summer",0,4,5
108197,"Simulation","Player5",566266,"Fri","Summer",1,7,6
102152,"Adventure","Player2",566266,"Sat","Summer",0,4,4
216817,"RolePlaying","Player1",566266,"Sun","Summer",0,5,4
88265,"BoardGame","Player2",566266,"Mon","Summer",0,6,4
15297,"Puzzle","Player3",566266,"Mon","Summer",2,5,5
4856,"Puzzle","Player1",566266,"Tue","Summer",1,5,6
226352,"RolePlaying","Player5",566266,"Wed","Summer",1,6,3
80757,"Racing","Player2",576820,"Wed","Summer",1,3,6
95563,"Simulation","Player2",576820,"Thu","Summer",0,3,4
82148,"RealTimeStrategy","Player1",576820,"Thu","Summer",0,4,5
17464,"Puzzle","Player3",576820,"Thu","Summer",0,5,4
107638,"BoardGame","Player1",576820,"Fri","Summer",0,3,4
110500,"Adventure","Player4",576820,"Sat","Summer",0,7,6
79955,"RealTimeStrategy","Player1",576820,"Tue","Summer",0,6,6
12452,"Puzzle","Player4",576820,"Tue","Summer",0,4,6
82380,"RealTimeStrategy","Player2",576820,"Wed","Summer",0,6,5
154090,"RolePlaying","Player3",576820,"Wed","Summer",0,4,5
233910,"RolePlaying","Player3",576820,"Wed","Summer",1,4,5
84331,"RealTimeStrategy","Player5",576820,"Wed","Summer",0,4,4
6110,"Puzzle","Player1",576820,"Fri","Summer",1,7,6
218082,"Simulation","Player3",576820,"Sat","Summer",0,5,4
469265,"RolePlaying","Player1",576820,"Sat","Summer",1,6,6
203832,"BoardGame","Player4",576820,"Sat","Summer",0,4,4
123990,"Adventure","Player3",576820,"Sat","Summer",0,5,3
7259,"Puzzle","Player1",576820,"Sun","Summer",0,6,6
137285,"BoardGame","Player3",576820,"Sun","Summer",0,3,7
91499,"Simulation","Player1",576820,"Mon","Summer",0,3,6
92962,"Racing","Player3",576820,"Tue","Summer",1,5,4
97874,"BoardGame","Player4",581132,"Tue","Summer",1,6,4
45787,"Adventure","Player1",581132,"Wed","Summer",0,4,6
7250,"Puzzle","Player1",581132,"Wed","Summer",0,6,5
98005,"Simulation","Player2",581132,"Wed","Summer",0,4,3
274758,"RolePlaying","Player5",581132,"Fri","Summer",1,6,4
101925,"RealTimeStrategy","Player2",581132,"Fri","Summer",0,4,4
102012,"RealTimeStrategy","Player5",581132,"Fri","Summer",0,6,4
206447,"BoardGame","Player3",589694,"Sat","Summer",0,3,5
106594,"Adventure","Player2",589694,"Sat","Summer",0,5,4
129057,"Adventure","Player4",589694,"Sun","Summer",2,7,5
138073,"BoardGame","Player5",589694,"Sun","Summer",2,4,4
3856,"Puzzle","Player1",589694,"Sun","Summer",0,7,7
105740,"Racing","Player5",589694,"Sun","Summer",0,6,6
233434,"RolePlaying","Player1",600208,"Mon","Summer",1,5,4
148490,"RolePlaying","Player1",607167,"Mon","Summer",0,5,7
31759,"Sports","Player2",607167,"Mon","Summer",2,5,6
45684,"Adventure","Player2",607167,"Tue","Summer",0,4,7
89986,"RealTimeStrategy","Player1",607167,"Tue","Summer",0,4,3
35456,"Sports","Player3",607167,"Tue","Summer",1,4,3
87897,"BoardGame","Player1",607167,"Thu","Summer",0,3,7
72774,"Racing","Player2",607167,"Thu","Summer",0,5,6
195071,"RealTimeStrategy","Player3",607167,"Sat","Summer",0,7,6
94077,"Simulation","Player1",607167,"Thu","Summer",0,6,7
5495,"Puzzle","Player1",607167,"Thu","Summer",0,4,6
67365,"Adventure","Player2",607167,"Thu","Summer",1,5,4
120059,"BoardGame","Player4",607167,"Fri","Summer",0,7,5
84150,"Racing","Player5",607167,"Fri","Summer",0,5,7
214303,"Simulation","Player1",607167,"Sat","Summer",1,3,3
318476,"RolePlaying","Player5",607167,"Sat","Summer",0,3,6
94146,"Simulation","Player2",607167,"Mon","Summer",0,6,7
15553,"Sports","Player1",607167,"Mon","Summer",0,4,4
108081,"Simulation","Player4",607167,"Mon","Summer",0,5,4
23021,"Sports","Player4",607167,"Tue","Summer",0,3,4
161960,"RolePlaying","Player3",607167,"Tue","Summer",0,5,5
8071,"Puzzle","Player2",607167,"Tue","Summer",1,3,5
17104,"Puzzle","Player4",607167,"Wed","Summer",0,4,4
122928,"Simulation","Player3",607167,"Fri","Summer",0,4,7
100531,"Racing","Player3",614567,"Fri","Summer",0,6,5
124656,"RealTimeStrategy","Player2",614567,"Fri","Summer",1,5,6
33329,"Sports","Player1",614567,"Sat","Summer",0,3,4
369046,"RolePlaying","Player4",614567,"Sun","Summer",1,7,3
47076,"Adventure","Player5",620657,"Mon","Summer",0,4,7
81389,"Racing","Player5",632339,"Mon","Summer",0,4,3
163287,"RolePlaying","Player5",636517,"Wed","Summer",0,4,4
239205,"RolePlaying","Player5",636517,"Wed","Summer",1,5,6
93247,"RealTimeStrategy","Player2",636517,"Wed","Summer",0,6,4
48300,"Adventure","Player2",636517,"Wed","Summer",0,5,7
107230,"RealTimeStrategy","Player5",636517,"Thu","Summer",1,3,6
136825,"Simulation","Player3",636517,"Fri","Summer",1,5,4
34598,"Sports","Player1",636517,"Sat","Summer",0,6,4
155897,"Simulation","Player2",636517,"Sun","Summer",0,6,5
3796,"Puzzle","Player2",636517,"Mon","Summer",0,4,7
89269,"RealTimeStrategy","Player5",636517,"Tue","Summer",0,5,6
76461,"Racing","Player5",636517,"Tue","Summer",0,4,6
76080,"Racing","Player1",636517,"Thu","Summer",0,6,6
164337,"RolePlaying","Player1",636517,"Thu","Summer",0,5,3
68138,"Adventure","Player2",636517,"Thu","Summer",1,6,5
15211,"Sports","Player2",636517,"Fri","Summer",0,3,6
119556,"BoardGame","Player2",636517,"Fri","Summer",0,3,4
126976,"BoardGame","Player3",636517,"Fri","Summer",1,6,5
200588,"RolePlaying","Player3",636517,"Fri","Summer",0,7,6
5893,"Puzzle","Player5",636517,"Sun","Summer",0,4,7
80152,"Racing","Player1",636517,"Wed","Summer",0,3,4
39021,"Puzzle","Player3",636517,"Sat","Summer",0,6,4
27226,"Sports","Player2",636517,"Sun","Summer",0,5,3
36861,"Sports","Player5",636517,"Mon","Summer",2,7,4
14728,"Sports","Player1",636517,"Tue","Summer",0,6,5
109106,"BoardGame","Player3",636517,"Tue","Summer",0,5,3
101826,"Simulation","Player2",636517,"Wed","Summer",0,3,6
134024,"RealTimeStrategy","Player4",636517,"Fri","Summer",1,6,7
159902,"Racing","Player1",636517,"Sat","Summer",0,5,6
94165,"RealTimeStrategy","Player1",644477,"Tue","Summer",0,5,4
89577,"Racing","Player3",644477,"Thu","Summer",0,6,4
24487,"Sports","Player2",644477,"Fri","Autumn",1,5,7
66489,"Adventure","Player1",644477,"Fri","Autumn",0,5,4
110942,"RealTimeStrategy","Player2",644477,"Fri","Autumn",0,5,5
73823,"Sports","Player3",644477,"Sat","Autumn",1,7,4
36514,"Sports","Player2",654121,"Sat","Autumn",0,4,4
23465,"Puzzle","Player4",654121,"Sat","Autumn",0,5,7
30309,"Sports","Player4",654121,"Tue","Autumn",1,5,6
71496,"Adventure","Player2",654121,"Wed","Autumn",1,5,4
100162,"BoardGame","Player1",654121,"Thu","Autumn",0,5,5
134388,"RealTimeStrategy","Player2",654121,"Fri","Autumn",1,6,5
109131,"Racing","Player3",654121,"Fri","Autumn",0,3,4
21540,"Puzzle","Player4",654121,"Fri","Autumn",0,5,4
134545,"RealTimeStrategy","Player5",654121,"Fri","Autumn",1,4,5
35975,"Puzzle","Player3",654121,"Sat","Autumn",0,3,5
138640,"Adventure","Player3",654121,"Sat","Autumn",0,6,3
245565,"RolePlaying","Player2",654121,"Sun","Autumn",0,7,6
113110,"Simulation","Player3",654121,"Tue","Autumn",1,4,6
109393,"Simulation","Player4",654121,"Wed","Autumn",0,4,7
11818,"Puzzle","Player1",654121,"Thu","Autumn",0,3,3
30562,"Sports","Player3",654121,"Fri","Autumn",0,3,4
134599,"RealTimeStrategy","Player2",654121,"Fri","Autumn",1,4,5
234839,"RealTimeStrategy","Player1",654121,"Sat","Autumn",1,6,5
147577,"BoardGame","Player5",654121,"Sun","Autumn",0,3,6
158013,"BoardGame","Player4",654121,"Sun","Autumn",0,4,6
150861,"BoardGame","Player5",654121,"Sun","Autumn",2,7,5
13307,"Sports","Player2",654121,"Mon","Autumn",0,6,6
131697,"RealTimeStrategy","Player2",654121,"Thu","Autumn",2,4,4
24533,"Sports","Player1",654121,"Fri","Autumn",1,4,7
135695,"Simulation","Player3",654121,"Fri","Autumn",1,6,6
116831,"RealTimeStrategy","Player3",654121,"Fri","Autumn",0,5,7
10235,"Puzzle","Player5",654121,"Sun","Autumn",0,4,6
17016,"Puzzle","Player3",654121,"Mon","Autumn",0,4,5
116947,"Simulation","Player3",654121,"Mon","Autumn",1,6,4
11300,"Puzzle","Player4",654121,"Mon","Autumn",0,7,7
100928,"Racing","Player3",654121,"Tue","Autumn",1,4,5
79513,"Adventure","Player3",654121,"Wed","Autumn",1,5,4
95290,"Racing","Player1",661586,"Thu","Autumn",1,6,4
100810,"Racing","Player1",661586,"Thu","Autumn",2,3,7
131327,"Adventure","Player4",661586,"Sat","Autumn",0,3,5
108910,"BoardGame","Player4",661586,"Mon","Autumn",2,3,5
97024,"RealTimeStrategy","Player5",661586,"Tue","Autumn",0,6,4
110620,"BoardGame","Player4",661586,"Wed","Autumn",0,4,4
111178,"Simulation","Player1",661586,"Thu","Autumn",1,6,3
118401,"Simulation","Player3",661586,"Mon","Autumn",1,6,4
91878,"Racing","Player3",661586,"Wed","Autumn",0,4,4
205425,"RolePlaying","Player5",661586,"Fri","Autumn",0,3,3
15905,"Sports","Player1",661586,"Fri","Autumn",0,4,6
128974,"Adventure","Player3",661586,"Sat","Autumn",0,4,6
233540,"Simulation","Player1",661586,"Sat","Autumn",1,7,3
212070,"RealTimeStrategy","Player3",661586,"Sat","Autumn",0,6,6
247797,"RealTimeStrategy","Player4",661586,"Sat","Autumn",1,5,6
142888,"RealTimeStrategy","Player5",661586,"Sun","Autumn",0,4,5
76894,"Adventure","Player2",669080,"Sun","Autumn",0,3,7
141327,"RealTimeStrategy","Player5",669080,"Sun","Autumn",0,5,6
17310,"Sports","Player5",676448,"Sun","Autumn",0,6,7
169552,"BoardGame","Player4",676448,"Sun","Autumn",1,3,4
112085,"BoardGame","Player3",676448,"Wed","Autumn",0,3,5
258824,"RolePlaying","Player4",676448,"Wed","Autumn",1,3,5
112589,"Simulation","Player2",676448,"Wed","Autumn",1,5,4
108883,"Simulation","Player5",676448,"Thu","Autumn",1,4,6
126928,"Racing","Player4",676448,"Thu","Autumn",3,6,5
340663,"RolePlaying","Player4",676448,"Mon","Autumn",2,7,4
56892,"Adventure","Player5",676448,"Mon","Autumn",0,4,5
21184,"Sports","Player4",676448,"Wed","Autumn",0,7,6
114076,"Simulation","Player3",676448,"Thu","Autumn",1,5,7
28720,"Sports","Player1",676448,"Sat","Autumn",0,7,6
260629,"RolePlaying","Player4",676448,"Mon","Autumn",1,5,4
58493,"Adventure","Player2",676448,"Mon","Autumn",0,5,4
7143,"Puzzle","Player5",676448,"Mon","Autumn",0,5,6
100720,"RealTimeStrategy","Player3",676448,"Wed","Autumn",0,5,7
113216,"RealTimeStrategy","Player5",676448,"Wed","Autumn",1,3,6
58675,"Adventure","Player5",676448,"Thu","Autumn",0,7,4
111325,"Racing","Player4",676448,"Fri","Autumn",0,4,4
41039,"Sports","Player3",676448,"Fri","Autumn",1,5,5
136050,"Adventure","Player3",676448,"Sat","Autumn",0,5,5
497321,"RolePlaying","Player2",684422,"Sun","Autumn",2,5,6
271416,"RolePlaying","Player4",684422,"Sun","Autumn",0,6,5
59433,"Adventure","Player5",684422,"Mon","Autumn",0,6,4
9556,"Puzzle","Player2",684422,"Tue","Autumn",0,6,5
86783,"Racing","Player2",684422,"Wed","Autumn",0,7,4
108521,"RealTimeStrategy","Player3",684422,"Thu","Autumn",0,7,4
118081,"BoardGame","Player3",693288,"Thu","Autumn",1,4,3
29455,"Sports","Player5",693288,"Fri","Autumn",1,4,6
45761,"Sports","Player1",693288,"Fri","Autumn",2,5,4
128375,"BoardGame","Player5",693288,"Fri","Autumn",2,4,5
136550,"Simulation","Player2",693288,"Fri","Autumn",0,6,5
262616,"Simulation","Player3",693288,"Sat","Autumn",2,5,3
41279,"Puzzle","Player3",693288,"Sat","Autumn",1,4,4
243726,"Simulation","Player4",693288,"Sat","Autumn",0,3,7
170818,"Simulation","Player5",693288,"Sun","Autumn",0,5,5
146523,"Racing","Player1",693288,"Sun","Autumn",1,5,5
132019,"Racing","Player5",693288,"Sun","Autumn",0,3,4
106800,"BoardGame","Player2",693288,"Mon","Autumn",1,4,5
108617,"BoardGame","Player2",693288,"Tue","Autumn",0,5,4
103026,"RealTimeStrategy","Player1",693288,"Tue","Autumn",0,5,3
58401,"Adventure","Player5",693288,"Thu","Autumn",0,4,5
115635,"Simulation","Player5",693288,"Thu","Autumn",0,7,4
131719,"RealTimeStrategy","Player3",693288,"Fri","Autumn",0,5,4
228175,"BoardGame","Player5",693288,"Sat","Autumn",0,5,4
261785,"RolePlaying","Player3",693288,"Mon","Autumn",1,5,6
11264,"Puzzle","Player1",693288,"Mon","Autumn",1,7,4
261058,"RolePlaying","Player4",693288,"Mon","Autumn",1,6,6
111533,"Simulation","Player2",693288,"Tue","Autumn",0,7,6
26936,"Sports","Player4",693288,"Wed","Autumn",0,4,3
23981,"Puzzle","Player4",693288,"Fri","Autumn",2,6,3
122139,"RealTimeStrategy","Player5",693288,"Fri","Autumn",0,5,4
405124,"RolePlaying","Player1",693288,"Fri","Autumn",2,6,4
42106,"Puzzle","Player4",693288,"Sat","Autumn",0,4,3
125993,"Adventure","Player2",693288,"Sat","Autumn",0,5,4
228473,"RealTimeStrategy","Player4",693288,"Sat","Autumn",0,3,4
18654,"Puzzle","Player4",693288,"Mon","Autumn",0,4,4
94060,"Racing","Player3",693288,"Mon","Autumn",0,5,5
22666,"Sports","Player3",693288,"Mon","Autumn",0,4,6
84400,"Racing","Player1",700589,"Tue","Autumn",0,3,6
112701,"Simulation","Player2",700589,"Tue","Autumn",1,6,6
108206,"BoardGame","Player2",700589,"Tue","Autumn",2,5,5
69234,"Adventure","Player4",700589,"Wed","Autumn",0,4,3
102780,"RealTimeStrategy","Player2",700589,"Wed","Autumn",0,4,4
111282,"BoardGame","Player3",700589,"Thu","Autumn",0,4,7
346992,"RolePlaying","Player4",700589,"Thu","Autumn",2,5,4
21525,"Puzzle","Player3",700589,"Fri","Autumn",0,5,5
23890,"Puzzle","Player1",700589,"Sat","Autumn",1,6,4
115945,"Racing","Player4",700589,"Mon","Autumn",2,6,6
91829,"Racing","Player4",700589,"Mon","Autumn",0,3,6
17076,"Sports","Player5",700589,"Tue","Autumn",0,4,5
255646,"RolePlaying","Player1",700589,"Wed","Autumn",1,5,6
64873,"Adventure","Player3",700589,"Thu","Autumn",0,6,6
212007,"RealTimeStrategy","Player2",700589,"Sat","Autumn",0,6,5
133033,"Racing","Player2",700589,"Sun","Winter",0,4,4
182364,"Simulation","Player4",710354,"Sun","Winter",0,5,6
64692,"Adventure","Player4",710354,"Mon","Winter",0,5,6
118226,"Simulation","Player2",710354,"Tue","Winter",3,3,4
88322,"Racing","Player5",710354,"Tue","Winter",0,5,5
8096,"Puzzle","Player5",710354,"Tue","Winter",0,6,6
180410,"RolePlaying","Player1",710354,"Wed","Winter",0,6,5
4985,"Puzzle","Player1",710354,"Thu","Winter",0,7,7
214179,"RolePlaying","Player5",710354,"Fri","Winter",0,4,6
174173,"Adventure","Player3",710354,"Sat","Winter",1,4,5
214721,"RealTimeStrategy","Player1",710354,"Sat","Winter",0,3,5
34707,"Sports","Player3",710354,"Sun","Winter",0,3,6
169243,"BoardGame","Player3",710354,"Sun","Winter",0,5,7
119427,"BoardGame","Player3",710354,"Mon","Winter",0,5,4
64620,"Adventure","Player4",710354,"Mon","Winter",0,3,6
258230,"RolePlaying","Player1",710354,"Tue","Winter",1,7,6
183017,"RolePlaying","Player5",719166,"Tue","Winter",0,4,5
30954,"Sports","Player3",725406,"Tue","Winter",1,5,7
117164,"Simulation","Player5",725406,"Tue","Winter",1,3,6
116649,"BoardGame","Player4",725406,"Thu","Winter",0,3,6
17367,"Sports","Player1",725406,"Thu","Winter",0,7,5
118849,"Simulation","Player5",736171,"Thu","Winter",1,5,6
153849,"Simulation","Player4",736171,"Fri","Winter",1,5,5
135883,"BoardGame","Player1",736171,"Fri","Winter",1,3,5
104851,"Adventure","Player4",736171,"Fri","Winter",1,6,3
198454,"Racing","Player1",736171,"Sat","Winter",0,6,3
17026,"Puzzle","Player1",736171,"Sat","Winter",1,5,6
144774,"Racing","Player4",736171,"Sun","Winter",0,4,6
119453,"BoardGame","Player3",736171,"Mon","Winter",1,7,6
10367,"Puzzle","Player1",736171,"Mon","Winter",0,6,5
118849,"Simulation","Player2",736171,"Tue","Winter",0,4,6
111527,"BoardGame","Player5",736171,"Wed","Winter",0,6,6
10410,"Puzzle","Player1",736171,"Wed","Winter",0,6,5
24936,"Sports","Player4",736171,"Wed","Winter",0,4,5
15874,"Sports","Player2",736171,"Thu","Winter",0,5,6
229973,"RealTimeStrategy","Player2",736171,"Sat","Winter",0,4,3
137249,"Adventure","Player2",736171,"Sat","Winter",0,5,3
39023,"Sports","Player3",736171,"Sun","Winter",0,5,5
170410,"BoardGame","Player2",736171,"Sun","Winter",1,4,5
115885,"Adventure","Player5",736171,"Sun","Winter",1,3,5
61896,"Adventure","Player1",736171,"Mon","Winter",0,4,5
59479,"Adventure","Player1",736171,"Mon","Winter",0,4,6
121208,"Simulation","Player2",736171,"Tue","Winter",1,6,5
130934,"Simulation","Player3",736171,"Tue","Winter",0,3,4
155877,"Simulation","Player4",736171,"Fri","Winter",0,4,4
124965,"RealTimeStrategy","Player2",736171,"Fri","Winter",0,5,6
265762,"RealTimeStrategy","Player4",736171,"Sat","Winter",1,6,7
123078,"Adventure","Player4",736171,"Sun","Winter",1,5,6
29542,"Sports","Player1",736171,"Mon","Winter",1,4,4
26006,"Sports","Player3",736171,"Mon","Winter",0,3,5
126938,"Simulation","Player3",736171,"Tue","Winter",0,3,6
22848,"Sports","Player4",736171,"Wed","Winter",0,7,6
63916,"Adventure","Player2",736171,"Thu","Winter",0,6,4
109717,"Racing","Player2",736171,"Fri","Winter",0,4,5
27458,"Sports","Player1",736171,"Fri","Winter",1,4,7
150691,"Simulation","Player2",744626,"Fri","Winter",1,3,3
62281,"Sports","Player1",744626,"Sat","Winter",1,6,4
301403,"RolePlaying","Player3",744626,"Sun","Winter",0,6,3
276982,"RolePlaying","Player2",744626,"Sun","Winter",0,6,7
66177,"Sports","Player3",744626,"Sun","Winter",2,7,6
90127,"Racing","Player1",744626,"Mon","Winter",0,4,6
125374,"Simulation","Player1",744626,"Mon","Winter",1,6,3
27772,"Sports","Player1",744626,"Tue","Winter",1,4,5
124540,"Simulation","Player5",744626,"Wed","Winter",1,5,4
87564,"Racing","Player1",744626,"Mon","Winter",0,5,7
112528,"BoardGame","Player1",744626,"Tue","Winter",0,6,6
196703,"RolePlaying","Player4",744626,"Tue","Winter",0,4,5
25827,"Sports","Player3",744626,"Fri","Winter",0,6,7
191185,"RealTimeStrategy","Player2",744626,"Sun","Winter",1,4,4
183683,"Simulation","Player2",744626,"Sun","Winter",1,3,5
130443,"RealTimeStrategy","Player4",744626,"Tue","Winter",1,6,6
107593,"Racing","Player1",744626,"Wed","Winter",1,5,3
267012,"RolePlaying","Player1",744626,"Wed","Winter",1,5,6
123785,"BoardGame","Player4",744626,"Thu","Winter",1,7,4
112100,"Racing","Player1",752316,"Fri","Winter",0,3,5
14969,"Puzzle","Player1",752316,"Fri","Winter",1,4,4
19600,"Sports","Player5",752316,"Fri","Winter",0,4,6
18470,"Sports","Player1",759046,"Mon","Winter",0,5,5
192995,"RolePlaying","Player2",759046,"Mon","Winter",0,6,5
115604,"RealTimeStrategy","Player3",759046,"Tue","Winter",0,5,6
124884,"Simulation","Player5",759046,"Tue","Winter",0,6,5
120681,"BoardGame","Player3",759046,"Tue","Winter",0,5,7
120515,"BoardGame","Player1",769741,"Wed","Winter",0,3,4
26610,"Sports","Player2",769741,"Thu","Winter",1,3,6
98572,"Adventure","Player5",769741,"Thu","Winter",2,6,3
158709,"Racing","Player3",769741,"Sun","Winter",0,3,4
79846,"Adventure","Player1",769741,"Mon","Winter",1,4,5
65043,"Adventure","Player2",769741,"Wed","Winter",0,5,5
20426,"Sports","Player2",777955,"Fri","Winter",0,7,6
42726,"Puzzle","Player4",777955,"Sat","Winter",0,6,4
239221,"Racing","Player4",777955,"Sat","Winter",1,6,6
44890,"Puzzle","Player3",777955,"Sat","Winter",0,5,4
160129,"Adventure","Player4",777955,"Sat","Winter",0,7,3
192613,"BoardGame","Player3",777955,"Sun","Winter",0,4,5
113869,"Racing","Player4",777955,"Mon","Winter",1,5,6
128159,"Simulation","Player5",777955,"Mon","Winter",0,7,5
17040,"Sports","Player2",777955,"Mon","Winter",0,4,6
122167,"BoardGame","Player5",777955,"Mon","Winter",0,7,4
151146,"RealTimeStrategy","Player5",777955,"Fri","Winter",1,4,7
178400,"RealTimeStrategy","Player5",777955,"Fri","Winter",2,4,5
150949,"Adventure","Player3",777955,"Sat","Winter",0,6,6
163534,"Adventure","Player3",785560,"Sat","Winter",0,5,3
32578,"Sports","Player4",785560,"Sun","Winter",0,6,7
37939,"Sports","Player3",785560,"Sun","Winter",0,4,6
64499,"Adventure","Player5",785560,"Mon","Winter",0,7,6
279691,"RolePlaying","Player1",785560,"Mon","Winter",1,5,5
137663,"RealTimeStrategy","Player3",785560,"Tue","Winter",1,6,6
126993,"Simulation","Player1",785560,"Tue","Winter",0,4,6
95577,"Racing","Player1",785560,"Wed","Winter",0,3,6
62384,"Adventure","Player1",794904,"Thu","Winter",0,5,7
273363,"BoardGame","Player4",794904,"Sat","Winter",0,4,5
437787,"RolePlaying","Player3",794904,"Sat","Winter",0,3,6
191876,"BoardGame","Player4",794904,"Sun","Winter",0,6,6
282464,"RolePlaying","Player2",794904,"Mon","Winter",1,4,5
131097,"Simulation","Player2",794904,"Tue","Winter",0,6,5
138158,"Simulation","Player4",794904,"Tue","Winter",0,4,5
115144,"RealTimeStrategy","Player2",794904,"Wed","Winter",0,6,5
130991,"Simulation","Player2",794904,"Wed","Winter",1,4,5
15087,"Puzzle","Player3",794904,"Thu","Winter",0,7,7
147553,"BoardGame","Player2",794904,"Fri","Winter",0,3,5
83721,"Adventure","Player4",794904,"Fri","Winter",0,4,7
442053,"RolePlaying","Player3",794904,"Fri","Winter",2,6,6
141606,"Adventure","Player2",794904,"Sat","Winter",0,4,5
192749,"Simulation","Player1",794904,"Sun","Winter",1,7,6
70348,"Adventure","Player1",794904,"Mon","Winter",0,7,3
204417,"RolePlaying","Player5",794904,"Mon","Winter",0,6,4
94386,"Racing","Player2",794904,"Tue","Winter",0,4,7
6983,"Puzzle","Player2",794904,"Wed","Winter",1,3,7
92909,"Adventure","Player1",794904,"Fri","Winter",1,5,7
68386,"Sports","Player3",794904,"Sun","Winter",2,3,6
